shortcode,link,embedding
DFGV7gESvtv,https://scontent-lax3-2.cdninstagram.com/v/t51.2885-15/474082083_18493177462062948_6876404628394376615_n.jpg?stp=dst-jpg_e35_p1080x1080_tt6&cb=30a688f7-fa102a98&efg=eyJ2ZW5jb2RlX3RhZyI6IkNBUk9VU0VMX0lURU0uaW1hZ2VfdXJsZ2VuLjE0NDB4MTU3MS5zZHIuZjc1NzYxLmRlZmF1bHRfaW1hZ2UifQ&_nc_ht=scontent-lax3-2.cdninstagram.com&_nc_cat=100&_nc_oc=Q6cZ2QEeuuFh3ld25PcmEZ5Rh9NbDV-QGTA2HhypoOEYjnMqiRJzC7PyEydRLK1UzL-9W2s&_nc_ohc=cWI1Ewrw24oQ7kNvwErM3nT&_nc_gid=C0bD085HsuiJwH6kmZBiJQ&edm=ALQROFkBAAAA&ccb=7-5&ig_cache_key=MzU1MDYyMTc5MjA4MTc1OTc1OA%3D%3D.3-ccb7-5-cb30a688f7-fa102a98&oh=00_AfFKdDN5xuu3sF_LY321OEeNetYeXmY7uSVFiZz4nHPO7Q&oe=67FFABFD&_nc_sid=fc8dfb,"[-0.004669373, -0.09414941, 0.0057107233, -0.05405148, -0.003357204, -0.0900912, -0.031592026, -0.09533243, -0.096524775, 0.0155572435, -0.16718741, -0.012012044, -0.07727331, -0.023982316, -0.0077321976, -0.1523329, -0.11570973, -0.0045904936, -0.039247952, -0.067934826, -0.110087655, 0.018231107, -0.007964188, 0.05936558, -0.14889912, 0.038563114, 0.07400861, 0.18896857, 0.07004716, -0.00445288, -0.13009024, -0.055510014, -0.09056473, -0.0726654, 0.032148432, 0.08409299, -0.024435751, -0.12760612, 0.1618287, -0.07175312, 0.03829933, 0.018111542, -0.08758283, -0.08606559, -0.10049969, -0.024815386, -0.10591487, -0.13044253, 0.008828923, 0.04953434, 0.08052119, -0.031071633, 0.0106425285, 0.006691208, -0.039897904, 0.017439159, 0.081861705, 0.15403132, 0.1253206, -0.17075104, -0.078514166, 0.024773229, 0.056726836, 0.11587179, -0.033580996, 0.02146896, -0.17485343, -0.11084514, 0.115057565, 0.12331014, -0.1375602, -0.13292363, 0.15852365, 0.0853623, 0.00795804, -0.067082025, 0.0048316196, -0.0023165524, 0.007570712, 0.07972365, 0.07539001, -0.044889662, 0.040573735, 0.082773834, -0.07844373, -0.10806016, -0.18839586, 0.19435374, -0.103293285, -0.04801011, -0.07556436, -0.09091679, -0.041345265, -0.0053501185, 0.08043985, -0.044674825, -0.01008062, 0.07285038, 0.010285593, 0.023831666, 0.024265876, 0.07212473, 0.01875752, -0.008807749, 0.068968095, 0.038634717, 0.0495498, 0.115099795, 0.05532344, 0.05300286, 0.030865684, -0.025202002, 0.029970782, 0.05116182, -0.17627019, 0.18565118, -0.0025895985, -0.08520611, 0.04433734, 0.04299969, -0.10003613, 0.04457334, -0.006872255, 0.110119365, 0.0070970887, -0.10793113, 0.29203427, 0.019343093]"
C1nUZz6yMfo,https://scontent-lax3-2.cdninstagram.com/v/t51.29350-15/415984293_338204162423191_8407659717093184273_n.jpg?stp=dst-jpg_e35_tt6&efg=eyJ2ZW5jb2RlX3RhZyI6IkNBUk9VU0VMX0lURU0uaW1hZ2VfdXJsZ2VuLjEwODV4ODE4LnNkci5mMjkzNTAuZGVmYXVsdF9pbWFnZSJ9&_nc_ht=scontent-lax3-2.cdninstagram.com&_nc_cat=107&_nc_oc=Q6cZ2QEsyc8DFSppqZwFzBU_ouE3vamploFsoBfuSMWVLfEkdYAUB-_fKo37tBDFekb7CW8&_nc_ohc=M-ayGlcsDzkQ7kNvwGpfSaY&_nc_gid=sppf1S4OAmyasr96LVZ_PA&edm=ALQROFkBAAAA&ccb=7-5&ig_cache_key=MzI3MTY3MzM4NDI0MTEzNjc1OQ%3D%3D.3-ccb7-5&oh=00_AfF6bGPnKNKCTO2YVkwjeXvDQafsGrVsEsZvVIgmyHTGGw&oe=67FFCBBB&_nc_sid=fc8dfb,"[-0.006789775, -0.02739678, 0.020626571, -0.04619141, -0.061156437, -0.031899255, -0.074847184, -0.044257503, -0.042818792, 0.020046279, -0.14871085, -0.06937255, -0.04371587, -0.049026016, -0.07246049, -0.14015591, -0.050355464, -0.06737932, -0.049302682, -0.107056744, -0.04032727, 0.062497336, -0.006503654, 0.09602591, -0.13152172, 0.0846179, 0.027844021, 0.13648365, 0.11253571, -0.046154696, -0.073548555, -0.01784012, 0.04600254, -0.01358248, 0.07424378, 0.047566477, -0.10621249, -0.14407545, 0.22172871, -0.041018624, -0.08057216, 0.020477563, -0.090302706, -0.11024058, -0.11660321, 0.0046497025, -0.032255393, -0.039125968, 0.03666374, 0.062203113, 0.10355463, -0.02619384, 0.029476514, 0.019097012, -0.108601674, 0.061745398, 0.052158173, 0.1600564, 0.11945914, -0.1286734, -0.084231876, -0.041349433, 0.070448555, 0.1912241, -0.021135, 0.008459212, -0.1782888, -0.11148558, 0.12421028, 0.096227504, -0.06306487, -0.123095654, 0.17962845, 0.08588381, 0.039279647, -0.078802556, 0.049593747, -0.010231088, 0.054801073, 0.12183607, 0.048887208, -0.08611586, 0.031160047, 0.058999613, -0.037280437, -0.0792011, -0.13706973, 0.116530366, -0.13040085, -0.066230565, -0.05605483, -0.03788823, -0.04920725, -0.0036953487, 0.033555675, -0.059791125, -0.035458643, 0.03688694, -0.087320626, -0.0011324486, 0.07733062, 0.043755863, 0.019931555, -0.030991562, 0.0051627858, -0.031968474, 0.032737825, 0.09095329, 0.008533813, 0.07957572, 0.025005646, -0.023220068, -0.08275583, 0.09830449, -0.17578113, 0.16542885, -0.052857947, 2.9629351e-05, -0.009212793, 0.05811115, -0.11188146, 0.07295619, -0.091960415, 0.1407194, -0.04910561, -0.25092083, 0.262984, 0.06000032]"
DG_JyowpFbV,https://scontent-lax3-2.cdninstagram.com/v/t51.2885-15/483456237_18501666835062948_175683149901729757_n.jpg?stp=dst-jpg_e35_s1080x1080_tt6&cb=30a688f7-fa102a98&efg=eyJ2ZW5jb2RlX3RhZyI6IkNBUk9VU0VMX0lURU0uaW1hZ2VfdXJsZ2VuLjE0NDB4OTYwLnNkci5mNzU3NjEuZGVmYXVsdF9pbWFnZSJ9&_nc_ht=scontent-lax3-2.cdninstagram.com&_nc_cat=100&_nc_oc=Q6cZ2QFDtPo6S6m2NP7ee7bKgaayiDX3Y3wj4n3zWstk4tq1F9faoWqdWZHY2nZQBB9rWWI&_nc_ohc=faVykYENhEMQ7kNvwFf906n&_nc_gid=h68XtkUPhV6ng9LcpcpKgg&edm=ALQROFkBAAAA&ccb=7-5&ig_cache_key=MzU4NDYyNjg3Nzg5MzM3MjM1MA%3D%3D.3-ccb7-5-cb30a688f7-fa102a98&oh=00_AfFvrMh659-4-E0Wh6onr0lhl7oQcPIRyuvCBNzkEfQB2Q&oe=67FFD7B9&_nc_sid=fc8dfb,"[0.042370196, -0.026112972, 0.035952125, -0.092209704, -0.04629373, 0.004114944, -0.05055471, -0.002906626, -0.042742603, 0.082241066, -0.14668116, -0.07173882, -0.09517885, 0.03738701, -0.12982802, -0.090780325, 0.0054213596, 0.014286945, 0.06752553, -0.07690994, -0.016080925, -0.038925577, -0.014348604, 0.06954351, -0.15718187, -0.0033394578, 0.041384786, 0.12024211, 0.012557711, -0.18854481, -0.12675613, 0.0011557018, 0.0666821, -0.0015816023, -0.009102715, -0.076986305, -0.058199648, -0.061725523, 0.13790533, 0.006101651, 0.010849715, -0.0006075977, 0.041244853, -0.14858103, -0.047813307, 0.020620028, -0.15502998, -0.10008068, 0.037992317, 0.03471666, 0.041231837, -0.010553073, 0.03205615, 0.026025526, -0.102444045, 0.0546404, 0.06388438, 0.13026391, 0.14927435, -0.22546473, -0.019611025, -0.035824183, -0.013876411, 0.12878172, -0.05205168, -0.016131714, -0.09082144, -0.042623423, 0.25041413, 0.14755894, -0.016541399, -0.15334128, 0.13638481, 0.062149804, 0.084519714, -0.096347824, 0.02772356, 0.013444973, 0.054551337, 0.013542025, 0.10391981, -0.023182277, 0.1258764, 0.11986112, -0.026757859, -0.13011616, -0.097588524, 0.18721236, -0.0693901, -0.022659907, -0.08040381, -0.12324767, -0.016892169, -0.058172505, 0.04885216, -0.036200434, 0.015033886, -0.019458689, -0.04266749, 0.015960477, 0.07387119, 0.034085907, 0.08184702, 0.027674293, 0.0709857, 0.08044235, 0.03894652, 0.061241303, 0.048552707, -0.003806962, -0.045462865, -0.0497842, -0.00062639033, 0.15387058, -0.19011275, 0.14242236, 0.028290827, 0.004816673, -0.009219631, 0.103168905, -0.0101663815, -0.07460254, -0.031707235, 0.07421219, -0.03898294, -0.13047157, 0.32658345, 0.021719793]"
DH1SJpxT22U,https://scontent-lax3-2.cdninstagram.com/v/t51.2885-15/487730625_18506315185062948_5136728037673696985_n.jpg?stp=dst-jpg_e35_s1080x1080_tt6&cb=30a688f7-fa102a98&efg=eyJ2ZW5jb2RlX3RhZyI6IkNBUk9VU0VMX0lURU0uaW1hZ2VfdXJsZ2VuLjE0NDB4MTQ0MC5zZHIuZjc1NzYxLmRlZmF1bHRfaW1hZ2UifQ&_nc_ht=scontent-lax3-2.cdninstagram.com&_nc_cat=100&_nc_oc=Q6cZ2QHMYJJTpvZTVVUlsJPenemJLt727yaprV2fLKR1jc-AqqI691MANjfj-T5YYbN8aiA&_nc_ohc=1SORf_E19GcQ7kNvwHQ0A69&_nc_gid=ud0arld8BRxpllqlx4BqWQ&edm=ALQROFkBAAAA&ccb=7-5&ig_cache_key=MzU5OTg2MzI5MDIyNDY5MjYxNw%3D%3D.3-ccb7-5-cb30a688f7-fa102a98&oh=00_AfH6y3MhkwWHB4kzq8zxoKy552jICXlbBsvIjMzmb0uzHg&oe=67FFC352&_nc_sid=fc8dfb,"[-0.06651553, -0.05274026, -0.026220623, -0.053526144, -0.026149703, -0.0518542, -0.049907256, -0.011496081, -0.066077515, -0.00037905303, -0.13331708, -0.022190941, -0.05629494, -0.011867106, -0.03057711, -0.10430379, -0.064701095, 0.019435482, -0.011734723, -0.09891944, -0.072772615, -0.0068190093, 0.002537874, 0.035262417, -0.12722448, 0.05793647, 0.021373212, 0.16731386, 0.09185388, -0.0344972, -0.08407225, -0.072783194, -0.031826954, 0.0017655819, 0.003314328, 0.006709811, -0.05515635, -0.1397939, 0.17303334, -0.07931649, 0.005397203, 0.034090806, -0.11277502, -0.09453133, -0.09350352, -0.05855819, -0.09716665, -0.068782374, 0.08207155, 0.0020396446, 0.11614989, -0.054467138, -0.0022263513, -0.03487691, -0.13567674, 0.058470037, 0.098912835, 0.13977754, 0.13196373, -0.16799638, -0.050276797, -0.0009982941, 0.034424134, 0.17221165, -0.038894195, 0.03277937, -0.20260058, -0.10674726, 0.11897197, 0.14944614, -0.11788854, -0.1283806, 0.18172434, 0.06922658, 0.045824844, -0.043218687, 0.059202965, -0.037663743, 0.055823572, 0.06705848, 0.0016583715, -0.09791431, 0.051458437, 0.11134672, -0.048873883, -0.14071095, -0.16612758, 0.14901966, -0.15006222, -0.0194205, -0.057479758, -0.052524343, -0.012643249, -0.031607214, 0.01711065, -0.086190425, -0.058601756, 0.0147381015, -0.08282838, 0.031396065, 0.06818505, 0.022364756, 0.030374642, -0.016240466, 0.049263272, 0.05297489, 0.063358895, 0.06815479, 0.070334405, 0.106677346, 0.04754265, -0.0117127905, -0.08716269, 0.13600434, -0.19842745, 0.14052813, -0.053946566, -0.026101055, 0.018873857, 0.048131958, -0.07970861, 0.05631818, -0.08243969, 0.11299695, -0.0350693, -0.16443095, 0.2839079, 0.013903128]"
C4UPxktpfEV,https://scontent-lax3-1.cdninstagram.com/v/t51.29350-15/432455530_929728785319049_8157239118622421720_n.jpg?stp=dst-jpg_e35_s1080x1080_tt6&efg=eyJ2ZW5jb2RlX3RhZyI6IkNBUk9VU0VMX0lURU0uaW1hZ2VfdXJsZ2VuLjE0NDB4MTMxMy5zZHIuZjI5MzUwLmRlZmF1bHRfaW1hZ2UifQ&_nc_ht=scontent-lax3-1.cdninstagram.com&_nc_cat=105&_nc_oc=Q6cZ2QEOgtNhXsw7-kSlyCDLV9oqMBft0vS1owp-uk-tLWMo8xISoKdAjLteY-wpV-XqMog&_nc_ohc=sqKWE5TGMlUQ7kNvwHGrY7G&_nc_gid=jlhRLRpJw6mkDwlZcsHMkQ&edm=ALQROFkBAAAA&ccb=7-5&ig_cache_key=MzMyMDM0ODE5Nzk1MzkzODU4Nw%3D%3D.3-ccb7-5&oh=00_AfH2xgs4qtKZE3Dohdl7Wtku18Xsn1MeJ82QgTlQ8yy1UA&oe=67FFDCB4&_nc_sid=fc8dfb,"[-0.015000731, -0.020597367, 0.011077659, -0.032824617, -0.07321438, -0.063796945, -0.027254472, -0.0449382, -0.048314087, 0.077468835, -0.20488304, -0.058279924, -0.104757145, -0.03684782, -0.09377204, -0.12874323, -0.040606894, -0.024389911, 0.045827404, -0.09630903, -0.03129997, 0.060651924, -0.0057908976, 0.011435912, -0.1399677, 0.061912775, 0.038616423, 0.16241714, 0.046255413, -0.050418, -0.097913735, -0.043855906, -0.017719517, -0.062461723, 0.020406546, 0.03013319, -0.09629409, -0.09771485, 0.20442195, -0.0828808, -0.003925351, 0.05753772, -0.11014088, -0.12232039, -0.07864083, -0.04932302, -0.07073772, -0.089777544, 0.002814189, 0.12015566, 0.09468884, -0.0064175227, -0.004433316, 0.042950545, -0.08593075, 0.019319504, 0.06359128, 0.15746604, 0.12581627, -0.11604134, -0.102957435, -0.020865787, 0.028536025, 0.13770261, -0.0048896307, 0.058050502, -0.17691518, -0.08090847, 0.09572608, 0.1398915, -0.06998323, -0.17211597, 0.16371138, 0.08417386, 0.033656046, -0.11827782, 0.014098369, -0.03983113, -0.022530911, 0.1408905, 0.061852075, -0.12100298, 0.05362055, 0.07812715, -0.032819387, -0.079045415, -0.16036376, 0.14396392, -0.10573491, -0.056602485, -0.02272414, -0.085172325, 0.0061655534, -0.023260534, 0.00922788, -0.032885194, 0.025956541, 0.05609667, -0.034828633, -0.026359625, 0.06522161, 0.072418846, -0.011001774, -0.002263589, 0.01885004, 0.06650434, 0.12164938, 0.10450646, 0.06885101, 0.04914631, 0.0073110545, 0.0026835816, -0.05726453, 0.085690506, -0.17119068, 0.15673439, 0.02163234, -0.016917715, 0.014679913, 0.067290395, -0.06858831, 0.06513284, -0.012853506, 0.11246768, -0.049936987, -0.21097083, 0.28564787, 0.08546181]"
DHZLW_HpTOX,https://scontent-lax3-2.cdninstagram.com/v/t51.2885-15/484414683_18503916499062948_734531477482199064_n.jpg?stp=dst-jpg_e35_p1080x1080_tt6&cb=30a688f7-fa102a98&efg=eyJ2ZW5jb2RlX3RhZyI6IkNBUk9VU0VMX0lURU0uaW1hZ2VfdXJsZ2VuLjE0NDB4MTgwMC5zZHIuZjc1NzYxLmRlZmF1bHRfaW1hZ2UifQ&_nc_ht=scontent-lax3-2.cdninstagram.com&_nc_cat=100&_nc_oc=Q6cZ2QEJ4beC0aG2tg6RUf1b_JQg4B1qwuII_2CLF5XnepGll_gjrw1flD4EL1-kOU1n5H0&_nc_ohc=46pt2lggSTwQ7kNvwHugcye&_nc_gid=G7RczcXJmVrJWEE9jWl6bw&edm=ALQROFkBAAAA&ccb=7-5&ig_cache_key=MzU5MTk1MjEyNDAxNTQzOTA2OA%3D%3D.3-ccb7-5-cb30a688f7-fa102a98&oh=00_AfH69xXQdtRA60vwPHUs8rok28NtvnioGxC0aihKbLh0LQ&oe=67FFCA04&_nc_sid=fc8dfb,"[-0.06504769, -0.024837425, -0.044318777, -0.042777218, -0.039788667, -0.054572895, -0.045580845, -0.058904573, -0.011481076, 0.005561091, -0.13391007, -0.022047093, -0.022708204, -0.10203566, -0.04141199, -0.12326185, -0.08295616, -0.005006238, -0.03197301, -0.061019287, -0.035259824, 0.0092555955, -0.005251577, 0.04011675, -0.0803548, 0.029609079, 0.0754973, 0.08287029, 0.15743577, -0.017524257, -0.14712194, 0.0108697945, -0.06284398, -0.012723944, 0.06320654, 0.011212192, -0.036523104, -0.12994385, 0.15516007, -0.10082269, 0.030925598, -0.022824962, -0.1250774, -0.12848601, -0.048779204, -0.05601936, -0.055154897, -0.11439606, 0.11210726, 0.013348256, 0.09002812, -0.04602808, 0.048150986, 0.011338939, -0.14150356, 0.038075555, 0.014699154, 0.035286926, 0.030921219, -0.09898534, 0.00011224252, 0.06597453, 0.02423755, 0.14315104, -0.08661628, 0.08276031, -0.20657258, -0.104408756, 0.06769445, 0.25921643, -0.20895806, -0.078371875, 0.12505496, 0.037486658, 0.048461895, -0.0193442, 0.03659019, -0.12938114, 0.07557511, 0.10882407, 0.02301468, -0.08086496, 0.03737448, 0.048550174, -0.03557935, -0.11291613, -0.14864409, 0.15741058, -0.13695115, -0.02758003, -0.08595664, -0.025624486, 0.01963798, -0.08763443, 0.079353176, -0.023350542, 0.023591213, 0.11423974, -0.051997706, -0.019032506, 0.02215113, 0.0060066753, 0.05801676, -0.11959863, 0.005327139, 0.024695845, 0.059772477, 0.07083678, -0.031094875, 0.031103605, 0.033163678, -0.042489264, -0.06484441, 0.1262269, -0.19952655, 0.20085509, -0.05205344, -0.04145327, -0.0134448875, 0.07719743, -0.13050818, 0.06456583, -0.06401646, 0.15929572, -0.040522564, -0.16847037, 0.22625026, -0.046688497]"
DHtVt0PpKO_,https://scontent-lax3-2.cdninstagram.com/v/t51.2885-15/487154480_18505634125062948_8869654771147225028_n.jpg?stp=dst-jpg_e35_s1080x1080_tt6&cb=30a688f7-fa102a98&efg=eyJ2ZW5jb2RlX3RhZyI6IkNBUk9VU0VMX0lURU0uaW1hZ2VfdXJsZ2VuLjE0NDB4MTQ0MC5zZHIuZjc1NzYxLmRlZmF1bHRfaW1hZ2UifQ&_nc_ht=scontent-lax3-2.cdninstagram.com&_nc_cat=100&_nc_oc=Q6cZ2QGNjX_hsF8hxT1uuZo90Na3spLRLctBqEtTNh1gnfggyN2RwapcdQvJjnQW6OAEaCY&_nc_ohc=tCsYXUz541kQ7kNvwEp7v43&_nc_gid=m8eVvD6QGFQ6Bedx-_df-A&edm=ALQROFkBAAAA&ccb=7-5&ig_cache_key=MzU5NzYyNzE3MzIxMjg2NjMxMw%3D%3D.3-ccb7-5-cb30a688f7-fa102a98&oh=00_AfFXp3OaQwU6UVl5fJJBu2a3Vo-1xGjHUmfoXRL_Cy5QFg&oe=67FFCCC5&_nc_sid=fc8dfb,"[-0.02129211, -0.109071694, 0.08628659, -0.030845823, -0.030450577, -0.052196864, -0.14141579, -0.05341708, -0.13415375, 0.089063436, -0.1294542, -0.14590175, -0.09997259, -0.0042117536, -0.048671, -0.097952515, -0.08534488, 0.04011233, -0.00015184957, -0.03482901, -0.054929204, -0.010030237, 0.040801402, 0.06414574, -0.15448865, 0.121945575, 0.014683913, 0.14456801, -0.006301499, -0.13954206, -0.04927225, -0.029874722, 0.038437754, -0.034458015, 0.06841981, 0.047443762, -0.103326805, -0.070402704, 0.12779963, -0.080936305, 0.010709939, 0.013780626, -0.17327198, -0.18313178, -0.035593107, -0.12946434, 0.08997334, -0.05973506, 0.015967902, 0.045414153, 0.051072974, -0.11067623, 0.012722824, -0.015681343, -0.0706814, -0.067040674, 0.08049053, 0.10442533, 0.03709769, -0.095154956, -0.06542042, -0.06511686, 0.009768181, 0.1700327, -0.0142204715, 0.076866, -0.087464675, -0.14575908, 0.09061205, 0.1073852, 0.12696943, -0.09741101, 0.19056015, 0.060145054, 0.03420511, -0.1334221, -0.024111405, -0.1415088, 0.010583489, 0.15658264, 0.006219472, -0.025722837, 0.078405954, 0.13968004, -0.053800996, -0.1040728, -0.053045828, 0.14536102, -0.0649723, 0.0046125646, -0.007708388, -0.016399184, -0.05413983, -0.09454026, 0.010107408, 0.08348613, -0.02573729, 0.036642123, -0.035980653, -0.019968633, 0.017423617, 0.055161387, -0.10336806, -0.0800729, 0.023045678, -0.056376636, 0.11359081, 0.061385848, 0.07771821, 0.09090333, 0.043104623, -0.020080157, -0.06983802, 0.11998415, -0.112613775, 0.115512334, -0.048718046, 0.011104133, -0.02164753, 0.12551002, -0.10770763, 0.00856929, -0.017022556, 0.067455955, -0.06978517, -0.15713368, 0.29370463, 0.039356515]"
C_O1ft9yaO7,https://scontent-lax3-1.cdninstagram.com/v/t51.29350-15/457370546_707932698173189_724253934717952755_n.jpg?stp=dst-jpg_e35_p1080x1080_tt6&efg=eyJ2ZW5jb2RlX3RhZyI6IkNBUk9VU0VMX0lURU0uaW1hZ2VfdXJsZ2VuLjE0NDB4MTgwMC5zZHIuZjI5MzUwLmRlZmF1bHRfaW1hZ2UifQ&_nc_ht=scontent-lax3-1.cdninstagram.com&_nc_cat=105&_nc_oc=Q6cZ2QEkvh3nJ_UwSDxFB-N0T5iqs_0P_y_hgy2LR3atsbaWWX28Cq2LGHLQh7MK2kslh9U&_nc_ohc=dBg1j1Tx82UQ7kNvwF_GP1a&_nc_gid=B9Y494UYQOqys1NTE5I8-w&edm=ALQROFkBAAAA&ccb=7-5&ig_cache_key=MzQ0NDkyNjAzMDMxMjczMTk0Nw%3D%3D.3-ccb7-5&oh=00_AfGhzcyUc9yfs-5MWJeBrYhT7rt_vi9Y06jDYkOqv6sZqw&oe=67FFC255&_nc_sid=fc8dfb,"[-0.12727647, -0.03765039, -0.0025973467, -0.044731844, -0.02126698, -0.120818585, -0.033137992, -0.13223933, -0.061907075, 0.05691591, -0.11502016, -0.026102902, -0.07151103, 0.0014667315, -0.055822276, -0.065172054, -0.07242075, -0.023741549, -0.052689146, -0.05074622, -0.063108765, -0.022684831, -0.031355347, 0.04146051, -0.13341352, 0.010774533, 0.017107762, 0.19091383, 0.07067232, -0.05525932, -0.137342, 0.02600897, -0.03799052, 0.020452479, 0.03154048, -0.017880984, 0.0109337745, -0.05077344, 0.13214464, -0.109431975, 0.0043338425, -0.0016158569, -0.07113433, -0.1127723, -0.050534453, -0.08796385, -0.1524911, -0.07346618, 0.08026386, -0.011322704, 0.084060386, -0.024880733, 0.052732673, -0.05570532, -0.076379076, -0.005503814, 0.11549161, 0.13011073, 0.08276459, -0.23090518, -0.12087422, 0.07992157, 0.04439938, 0.027712831, -0.06783188, -0.0010704661, -0.2576813, -0.06725551, 0.11227642, 0.17706625, -0.15627411, -0.13588886, 0.1944106, 0.13516153, 0.034221474, -0.0048309267, -0.015513113, -0.07689057, -0.036993794, 0.025495132, 0.037963603, -0.012270317, 0.06517002, 0.045765907, -0.03928481, -0.06413773, -0.16672006, 0.18055318, -0.060612205, 0.01652154, -0.11259169, -0.05742825, 0.006384283, -0.036153868, 0.06955082, -0.08432576, 0.011661388, -0.04796768, -0.08488195, 0.03210634, 0.063179284, 0.07194507, 0.010428072, -0.005820189, -0.04904902, 0.028943086, 0.036709353, 0.023398196, 0.07540371, 0.044288013, 0.035909507, -0.087707855, -0.051752407, 0.13910617, -0.22769086, 0.22698991, -0.09106423, -0.018551774, -0.08135113, -0.009145448, -0.061746284, 0.0325112, 0.035690717, 0.107279964, -0.08208834, -0.071943186, 0.18252712, 0.008672407]"
C_lo79eSHn3,https://scontent-lax3-2.cdninstagram.com/v/t51.29350-15/458554793_529561146259074_8396312732293669072_n.jpg?se=-1&stp=cp6_dst-jpegr_e35_p1080x1080_tt6&efg=eyJ2ZW5jb2RlX3RhZyI6IkNBUk9VU0VMX0lURU0uaW1hZ2VfdXJsZ2VuLjE0NDB4MTc5OS5oZHIuZjI5MzUwLmRlZmF1bHRfaW1hZ2UifQ&_nc_ht=scontent-lax3-2.cdninstagram.com&_nc_cat=106&_nc_oc=Q6cZ2QF_fYhEtuba23u-ZgnymaWsvxXkQIGtUQUbmKpHz-I0ruNkoZoZRVXrHT_Y60wo94M&_nc_ohc=6WJVZ0XYuyoQ7kNvwFYizy8&_nc_gid=HIPM4wpebztATubf55LvHQ&edm=ALQROFkBAAAA&ccb=7-5&ig_cache_key=MzQ1MTM0NDcyMTg3NTIyNTcyMQ%3D%3D.3-ccb7-5&oh=00_AfHHhvH32NMF1OHiMGKmotqROuuH3cTFVhCk7xcfwFWDWQ&oe=67FFD2B0&_nc_sid=fc8dfb,"[-0.014370089, 0.015047896, 0.11179713, -0.04353326, -0.15665796, 0.017922232, -0.018846093, -0.024368579, -0.0430147, 0.10044345, -0.13275479, -0.037093405, -0.0736046, 0.024709454, -0.015167532, -0.13570777, -0.06088572, -0.016814664, -0.0021258944, -0.027165, -0.035349343, 0.04059003, 0.06730114, 0.035026837, -0.22033872, -0.007196288, 0.042146876, 0.2391395, -0.05614901, -0.09977657, -0.12660386, 0.009509376, -0.07178919, -0.03559365, 0.0026990033, 0.03356673, -0.017582145, 0.030620512, 0.19236624, -0.11400229, -0.015375071, -0.0366265, -0.002648774, -0.105742134, -0.07114625, 0.023494216, -0.12798035, 0.0125676375, 0.048787817, 0.036143385, 0.16929092, -0.050446343, 0.024097526, -0.008146759, -0.13428906, -0.0132174315, 0.11530573, 0.117854744, 0.20213427, -0.18005538, -0.11777356, -0.011004972, -0.005788863, 0.115224, 0.051266808, -0.020683939, -0.1387846, -0.11197473, -0.008157754, 0.087466106, 0.0026450376, -0.07854579, 0.06034042, 0.114209995, -0.04437442, -0.07935013, 0.015505671, -0.07842232, 0.047655847, 0.07888718, -0.046165384, -0.046070416, 0.016178725, 0.108592995, 0.038004734, -0.10996107, -0.108545415, 0.068567425, -0.018533764, 0.0437285, -0.0036335685, 0.0009888861, 0.06621785, -0.08657327, -0.03649173, -0.11483371, 0.023664188, -0.06890734, -0.041932132, 0.16020624, 0.06220194, 0.027053064, -0.056807943, 0.051056735, 0.027404068, 0.004890621, 0.044689942, 0.030146971, 0.14907365, 0.11310725, 0.010408246, -0.011561394, -0.056836322, 0.071842946, -0.110867985, 0.18632737, -0.06023596, 0.019652281, -0.07767743, 0.04288594, -0.024306284, 0.030690476, -0.016923858, 0.05703481, -0.045056336, -0.092987746, 0.35765705, 0.14729713]"
C36Trv1vvvm,https://scontent-lax3-2.cdninstagram.com/v/t51.29350-15/430710528_1565125324300895_4156905904473114511_n.jpg?stp=dst-jpg_e35_s1080x1080_tt6&efg=eyJ2ZW5jb2RlX3RhZyI6IkNBUk9VU0VMX0lURU0uaW1hZ2VfdXJsZ2VuLjE0NDB4MTQ0MC5zZHIuZjI5MzUwLmRlZmF1bHRfaW1hZ2UifQ&_nc_ht=scontent-lax3-2.cdninstagram.com&_nc_cat=111&_nc_oc=Q6cZ2QGFke3X9YJ_Jt2t6s7AH6pK2lMilJhxrPAfQ7GQaM20yGPjVdqoIP4lIc_a2ykNbEE&_nc_ohc=RHAf5Jwd_s8Q7kNvwF4Lm-X&_nc_gid=ee5SHbI-go6Nxc_43UYqQQ&edm=ALQROFkBAAAA&ccb=7-5&ig_cache_key=MzMxMzA0NzA0MTYwMDMzMTExNQ%3D%3D.3-ccb7-5&oh=00_AfGz4QMIt2KWNMtUXRz89oe1Zd4BXByycN1Ke9HIQGRmwQ&oe=67FFE14E&_nc_sid=fc8dfb,"[-0.035895057, -0.034258574, -0.020943819, -0.02064422, -0.032108296, -0.077389985, -0.06687548, -0.023410687, -0.09271836, 0.0021910863, -0.15067016, -0.05176998, -0.11678185, -0.06459003, -0.04024213, -0.07140958, -0.08491253, 0.044244375, 0.046779152, -0.09933339, -0.06713529, 0.033645753, -0.03771118, 0.038292125, -0.15745598, 0.002641582, 0.09623873, 0.12266013, 0.06966103, -0.07337941, -0.08849641, -0.024687145, -0.075840056, -0.034348026, 0.06337451, 0.009201516, -0.02038032, -0.08628364, 0.16312201, -0.09387972, 0.052608266, 0.023862772, -0.119672365, -0.11043016, -0.049523704, -0.05603085, -0.10617471, -0.072663605, 0.036397535, 0.07036823, 0.116118185, -0.032293595, 0.020647015, -0.0061201793, -0.11712121, 0.045091767, 0.075547464, 0.17294167, 0.15308365, -0.14132051, -0.06729412, -0.0012833931, 0.035793576, 0.12195528, -0.014934937, 0.077329926, -0.19248405, -0.10873884, 0.09202545, 0.10883116, -0.04416648, -0.18526956, 0.21338885, 0.09814044, 0.05707023, -0.08401088, -0.04352167, -0.025286635, 0.033199035, 0.05430591, 0.037160084, -0.08096331, 0.0633477, 0.09717669, -0.008736387, -0.10820942, -0.13880286, 0.12595536, -0.12804084, -0.002962868, -0.056865968, -0.054242026, 0.018112378, 0.015617718, -0.034658223, -0.04149288, -0.046741653, 0.05656135, -0.049868383, -0.00467279, 0.11179729, 0.03972691, -0.016199253, -0.0065029706, 0.068164, 0.018657587, 0.095170245, 0.06823724, 0.1295948, 0.086705185, 0.07497492, -0.013520954, -0.015106624, 0.12337447, -0.15689, 0.13593647, -0.028438602, -0.04947432, 0.038686916, 0.0739132, -0.09105768, 0.028013948, -0.00915073, 0.14900301, -0.06202376, -0.17215537, 0.3156897, 0.05539829]"
C8m2AnuJSXq,https://scontent-lax3-2.cdninstagram.com/v/t51.29350-15/448915841_2129510730765931_2175384669792955564_n.jpg?se=-1&stp=cp6_dst-jpegr_e35_p1080x1080_tt6&efg=eyJ2ZW5jb2RlX3RhZyI6IkNBUk9VU0VMX0lURU0uaW1hZ2VfdXJsZ2VuLjE0NDB4MTgwMC5oZHIuZjI5MzUwLmRlZmF1bHRfaW1hZ2UifQ&_nc_ht=scontent-lax3-2.cdninstagram.com&_nc_cat=107&_nc_oc=Q6cZ2QFyAzyHap1LZUltyTQ2BdvBN-weZuBns7vDIQKo8Fu4gQ93EKxDVmVuwhr8EFSkVmQ&_nc_ohc=HH7fSVXCsH8Q7kNvwGzisfK&_nc_gid=NxdJuyZ4Fl4vO2CZY_ycMA&edm=ALQROFkBAAAA&ccb=7-5&ig_cache_key=MzM5NzY0MDQ5Nzc0NjE5MjE1MQ%3D%3D.3-ccb7-5&oh=00_AfE9R1jLed44NzGu7YcjKlNyx8h2ljdHC31NYjS6YG7kiQ&oe=67FFDF18&_nc_sid=fc8dfb,"[-0.07419397, -0.069244646, -0.009444264, -0.02540795, -0.036929123, -0.07272526, 0.03366926, -0.08889814, -0.09878709, 0.10838011, -0.19147204, -0.020813672, -0.038190812, 0.009700883, 0.029519977, -0.081935756, -0.103560075, -0.06019784, -0.022893697, -0.11838143, -0.060953226, -0.041010905, -0.009344198, 0.014434449, -0.18885683, 0.0319323, -0.013810037, 0.22038165, 0.1001498, -0.047988135, -0.12970789, 0.012358467, -0.060683735, -0.03349037, -0.0056797294, 0.031571545, 0.06958815, -0.05371698, 0.21138853, -0.12937716, 0.0576545, 0.034558915, -0.16074099, -0.110544235, -0.15182997, -0.03340826, -0.06549293, -0.044140846, 0.047938175, 0.059773058, 0.16399267, 0.005305778, 0.058648594, -0.015209072, -0.092417985, 0.03394722, 0.19213149, 0.117546305, 0.14246021, -0.18090038, -0.16198832, 0.044392604, 0.06360785, 0.11737655, -0.004092913, 0.045807675, -0.14171916, -0.11773504, 0.09527188, 0.12702127, -0.12242721, -0.14550963, 0.17645778, 0.1276625, -0.018342342, -0.122776195, -0.040832203, -0.043619994, 0.046145767, 0.031673495, 0.0125160925, -0.09363089, -0.005436674, 0.041535523, -0.025511282, -0.090701826, -0.1116338, 0.066898316, -0.08425065, 0.0070862733, -0.054414514, -0.064369336, 0.00033245317, -0.06546738, 0.04050404, -0.022449898, 0.017129315, 0.017935488, 0.0050622784, 0.060921066, 0.020130442, 0.062261365, -0.047188208, 0.006835349, 0.0339034, 0.1008404, 0.08818727, 0.07712345, 0.09815082, 0.052822236, 0.018505337, -0.016121684, 0.03986336, 0.086212315, -0.16880728, 0.12907466, -0.07435897, -0.025541408, 0.0023618017, 0.008781064, -0.071484774, 0.06984436, -0.05056239, 0.058664113, -0.054457165, -0.09160344, 0.22533786, -0.024437934]"
C0PzDAXJrnZ,https://scontent-lax3-1.cdninstagram.com/v/t51.29350-15/404935024_1450891119190269_6719872574332289258_n.jpg?stp=dst-jpg_e35_p1080x1080_tt6&efg=eyJ2ZW5jb2RlX3RhZyI6IkNBUk9VU0VMX0lURU0uaW1hZ2VfdXJsZ2VuLjE0NDB4MTY1MC5zZHIuZjI5MzUwLmRlZmF1bHRfaW1hZ2UifQ&_nc_ht=scontent-lax3-1.cdninstagram.com&_nc_cat=109&_nc_oc=Q6cZ2QGdKJOxtRv8Hq0Rza22cVWt_Hz5ZUBa_8biDhvN52345P6VdruWjWWdNXdtr0riBqM&_nc_ohc=7t7SVc-wLdYQ7kNvwH-2Xu2&_nc_gid=UdEmHqsMKfrqD1Qht4VI5g&edm=ALQROFkBAAAA&ccb=7-5&ig_cache_key=MzI0NzAzODM1ODgwNTEwMjI5NA%3D%3D.3-ccb7-5&oh=00_AfHq-XBQKIXepMdea8MljBPhgAXeynWEAk6XsBByVJ-6tA&oe=67FFB699&_nc_sid=fc8dfb,"[-0.027121697, -0.011006371, -0.037892945, -0.083007574, 0.044252902, -0.0427941, -0.09925192, -0.03370292, -0.09716679, 0.08980622, -0.13933608, -0.11046534, -0.17585157, -0.046023726, -0.033459935, -0.015555043, -0.07361212, -0.021182, 0.040980995, -0.020405896, 0.012696063, -0.010557086, -0.023654088, 0.028495148, -0.1800052, 0.040581428, 0.028950697, 0.05637487, 0.071276955, -0.07299118, -0.15612955, -0.0066192024, -0.058794856, 0.013136682, 0.035154108, 0.008078006, -0.10991179, -0.10871946, 0.14126895, -0.08861319, -0.02850585, -0.0050327005, -0.14548464, -0.13584112, -0.05069206, -0.08988462, -0.047196086, -0.031332765, 0.07359584, -0.0074911145, 0.13073018, 0.019905109, 0.072676726, -0.0068387785, -0.11687994, -0.011800213, 0.0933001, 0.053901147, 0.08955032, -0.11793957, -0.10159183, 0.08834101, 0.018684912, 0.09626948, -0.018975245, -0.03296439, -0.18211047, -0.12563066, 0.15961772, 0.24325663, -0.20318806, -0.115151934, 0.0529548, 0.089126185, 0.1440695, -0.05350535, -0.0127277, -0.07826104, 0.030740501, 0.064590655, -0.02576711, -0.09517722, -0.011165136, 0.10557712, -0.054131262, -0.051286936, -0.16508444, 0.16192603, -0.10426787, 0.0037371088, -0.07953521, -0.028878905, -0.056628257, -0.08511085, 0.10367735, -0.016761124, -0.027952263, 0.03886014, -0.0023470845, -0.029262958, 0.00540713, 0.06520904, 0.10895196, -0.06907158, 0.014348902, 0.0454544, 0.056615658, 0.0791123, 0.0292822, -0.011838236, 0.020026155, -0.023402495, -0.020535735, 0.1244601, -0.18608306, 0.18423934, -0.06018171, -0.014171299, -0.047145054, 0.072176106, -0.13277054, 0.02644677, -0.0031263481, 0.10403354, 0.005560906, -0.18379802, 0.21015528, -0.011820454]"
C3QmbmKvBzQ,https://scontent-lax3-1.cdninstagram.com/v/t51.29350-15/426261416_1850923835330584_8845037382202477481_n.jpg?stp=dst-jpg_e35_p1080x1080_tt6&efg=eyJ2ZW5jb2RlX3RhZyI6IkZFRUQuaW1hZ2VfdXJsZ2VuLjEyNjF4MTU3Ny5zZHIuZjI5MzUwLmRlZmF1bHRfaW1hZ2UifQ&_nc_ht=scontent-lax3-1.cdninstagram.com&_nc_cat=104&_nc_oc=Q6cZ2QEwjLgTNl_8gytM780_RnhapZnj3t9Z89hFfYKdJXc6pbdOxyDdnM00_BbQ4s7ZOlk&_nc_ohc=3WYwixkeYGAQ7kNvwEIxEgc&_nc_gid=oYKsg2xve9wQiyg77qcTRQ&edm=ALQROFkBAAAA&ccb=7-5&ig_cache_key=MzMwMTMwNzU0OTAzODE1NzAwOA%3D%3D.3-ccb7-5&oh=00_AfEJ1h0jz8q9PdmlVNAzvl-qs8d7yv8QosoGvFbuABgPTA&oe=67FFC481&_nc_sid=fc8dfb,"[-0.029339109, -0.01688669, -0.0032045126, -0.0032671697, -0.06473792, -0.080373354, -0.075662605, 0.02582225, -0.0856641, 0.14449185, -0.1606743, -0.076093294, -0.14054471, -0.066397436, -0.013597452, -0.096656196, -0.09376446, 0.013820458, 0.061747286, -0.079440944, 0.00023414184, -0.05743873, -0.033108775, 0.004423815, -0.13391696, -0.051209077, 0.025602514, 0.1471281, 0.08772411, -0.10457036, -0.13657728, -0.05647318, -0.04845319, -0.025413828, 0.061494485, 0.0066595008, -0.04126927, -0.063630946, 0.20344825, -0.059860002, 0.060474362, -0.012590903, -0.04595918, -0.08887857, -0.09831987, -0.08668328, -0.10274982, -0.11365434, 0.083403185, 0.03800822, 0.14112684, 0.029783892, 0.041756887, -0.046537045, -0.0933276, 0.072107494, 0.13222079, 0.09297515, 0.11378389, -0.21438478, -0.12163329, 0.0013902247, 0.005565213, 0.11013547, -0.027175855, 0.0790143, -0.13768663, -0.14675118, 0.15160091, 0.102775544, -0.0803231, -0.1531731, 0.17256679, 0.07984786, 0.11441043, -0.07155652, 0.04552183, -0.041204967, 0.07526302, 0.07596012, 0.05099981, -0.083836466, 0.056818422, 0.12141362, -0.023834497, -0.1125807, -0.13248041, 0.1009439, -0.11147949, 0.0046860706, -0.085472524, -0.02752275, 0.0138148125, -0.081199475, 0.012701881, -0.0054080915, -0.045579284, -0.009776072, -0.03698513, -5.6595192e-05, 0.066110745, 0.050378878, 0.0060756444, -0.016812729, 0.073252946, 0.098948665, 0.06837569, 0.1026655, 0.0656904, -0.025619518, 0.02676941, -0.026955057, 0.01729765, 0.1511313, -0.19433522, 0.13895519, 0.002381493, -0.023465883, 0.016038563, 0.079048, -0.10443865, -0.015384141, -0.02034018, 0.15172152, -0.04186957, -0.13066556, 0.21328932, -0.008898443]"
C64f1tGparb,https://scontent-lax3-1.cdninstagram.com/v/t51.29350-15/442669255_1034288241375010_3316064258436932709_n.jpg?stp=dst-jpg_e35_s1080x1080_tt6&efg=eyJ2ZW5jb2RlX3RhZyI6IkZFRUQuaW1hZ2VfdXJsZ2VuLjE0NDB4OTU5LnNkci5mMjkzNTAuZGVmYXVsdF9pbWFnZSJ9&_nc_ht=scontent-lax3-1.cdninstagram.com&_nc_cat=110&_nc_oc=Q6cZ2QH5gU8ivagJ912C35mm3XGuPtxXAVxPgIfsYQ2CLE_TZfgD4K_S7TOuxC-WVlw33bE&_nc_ohc=GAtH2Zt1X-IQ7kNvwGi7o79&_nc_gid=FeO89ILgCh-DW3lMxHNqYg&edm=ALQROFkBAAAA&ccb=7-5&ig_cache_key=MzM2NjU4MDc1MTQ2MzQ1OTU0Nw%3D%3D.3-ccb7-5&oh=00_AfHkSkr04YQoB5ojTAF2Ax-__KRS__yLNQujZvUzl6Wang&oe=67FFDCC4&_nc_sid=fc8dfb,"[-0.0027074316, -0.029655477, 0.032622922, -0.0640905, -0.045165088, -0.04499608, -0.046433493, -0.08883361, 0.019060593, 0.01814432, -0.18219252, -0.07208493, -0.07868948, -0.048513155, -0.03452134, -0.16494751, -0.04060994, -0.034429807, -0.046688166, -0.15380776, -0.05314116, 0.053621393, -0.004841298, 0.06357856, -0.20035785, 0.019745693, 0.06084801, 0.14219204, 0.078228965, -0.050754745, -0.058500867, -0.06847112, 0.013487902, -0.053880803, 0.006881541, 0.035121977, -0.05535745, -0.080111064, 0.15424562, -0.033875372, -0.04073252, -0.026987197, -0.14793102, -0.061348736, -0.07468911, 0.036210235, -0.0038976374, -0.034795024, 0.03112047, 0.054264303, 0.13412118, -0.08193451, 0.05150747, -0.04286575, -0.15237124, 0.050543614, 0.036882445, 0.20707871, 0.14216104, -0.09816682, -0.08189206, -0.031540196, 0.033355977, 0.16423112, -0.0013639824, 0.06935722, -0.13767326, -0.14227675, 0.06090731, 0.13028145, -0.054357115, -0.1312333, 0.21608302, 0.114869714, 0.058383312, -0.11465838, 0.03397295, -0.057593036, -0.0029967886, 0.12685093, 0.06459581, -0.08406499, 0.03570178, 0.07349635, -0.029356658, -0.04148167, -0.10033921, 0.18387663, -0.1395098, -0.07876383, -0.058013476, -0.026660834, 0.012991162, -0.01247594, -0.031109642, -0.08849996, -0.078576155, 0.032189984, -0.015076484, -0.060897104, 0.086772494, 0.03295927, 0.0020412602, -0.025077732, 0.03700354, -0.022006696, 0.07760302, 0.12120775, 0.059163548, 0.14302635, 0.070487365, -0.03176212, -0.06526398, 0.091586694, -0.16989969, 0.15814818, 0.004419638, 0.0044511775, 0.02613031, 0.08572466, -0.1881308, 0.04168654, -0.014282928, 0.061530456, -0.025031818, -0.12570849, 0.22326337, 0.020034917]"
DAEm4_QT2G-,https://scontent-lax3-1.cdninstagram.com/v/t51.29350-15/460632126_3771925013075489_1501313499087130462_n.jpg?stp=dst-jpg_e35_p1080x1080_tt6&efg=eyJ2ZW5jb2RlX3RhZyI6IkNBUk9VU0VMX0lURU0uaW1hZ2VfdXJsZ2VuLjE0NDB4MTgwMC5zZHIuZjI5MzUwLmRlZmF1bHRfaW1hZ2UifQ&_nc_ht=scontent-lax3-1.cdninstagram.com&_nc_cat=105&_nc_oc=Q6cZ2QFTOAxPhH6kpRiMKB0fUFlbYj6T5k_9Jt-82Cb2zIqUoUDmSYQpnUFWUwRChnd7A0c&_nc_ohc=ZzP2Fz5fmhQQ7kNvwEFj9L9&_nc_gid=sTMGyUh3p-wfhLemOpIijQ&edm=ALQROFkBAAAA&ccb=7-5&ig_cache_key=MzQ2MDA2MTQ0MTIyNjA4MDkwOQ%3D%3D.3-ccb7-5&oh=00_AfEZHnKTnVdmBI0y-p5RLq5JPpGQIZCUrEYyYmhV9_HGHw&oe=67FFB234&_nc_sid=fc8dfb,"[-0.000760088, -0.016739706, 0.041052654, -0.07187944, -0.029765347, -0.005921869, -0.03550192, -0.025941228, -0.05100272, 0.057671506, -0.14685167, -0.08715349, -0.11369445, -0.07237508, -0.05412514, -0.10345349, -0.108819954, -0.07538485, 0.08459567, -0.07175625, -0.05324165, 0.056641143, 0.052112307, 0.07505163, -0.11746885, 0.044024877, 0.06255804, 0.11872724, 0.07918695, -0.055233415, -0.11856423, 0.008532955, 0.023202254, -0.036225785, 0.029174158, 0.072332874, -0.085673794, -0.08186226, 0.21504451, -0.0897999, 0.008157976, 0.068403326, -0.08598763, -0.16155842, -0.072627954, -0.03263117, -0.12116069, -0.07755786, -0.024804518, 0.094247565, 0.10136514, -0.030316439, 0.008633276, 0.04965671, -0.06567127, 0.006897093, 0.061075993, 0.16162905, 0.118470795, -0.116692096, -0.056523368, -0.066529185, 0.07315671, 0.10289248, -0.04492412, 0.058314558, -0.17282273, -0.10907985, 0.16146205, 0.10039185, -0.12360706, -0.18711008, 0.1410095, 0.06389008, -0.06339352, -0.06610003, 0.022436688, -0.025474017, 0.078645825, 0.07499839, 0.030451465, -0.10379983, 0.04622432, 0.08265328, -0.023524744, -0.1169816, -0.17407013, 0.075515576, -0.07928679, 0.0058709676, -0.073809534, -0.074664064, 0.007964892, -0.02102701, 0.047736518, -0.032999583, -0.029603187, 0.04242293, -0.035978273, 0.032372717, 0.04091824, 0.07286927, 0.026885424, 0.025108946, 0.028838048, 0.03712001, 0.016793607, 0.073983125, 0.050846078, 0.090092815, -0.00028250815, -0.07072641, -0.05716636, 0.090586655, -0.15922749, 0.1635325, -0.038616404, -0.015803434, 0.061308015, 0.066404104, -0.07891463, 0.07505504, -0.09054608, 0.12611192, -0.07093605, -0.22319853, 0.3027268, 0.08638875]"
C79nibrp8rF,https://scontent-lax3-1.cdninstagram.com/v/t51.29350-15/447937404_828989158664578_2995692635187305717_n.jpg?stp=dst-jpg_e35_p1080x1080_tt6&efg=eyJ2ZW5jb2RlX3RhZyI6IkNBUk9VU0VMX0lURU0uaW1hZ2VfdXJsZ2VuLjE0NDB4MTc4NS5zZHIuZjI5MzUwLmRlZmF1bHRfaW1hZ2UifQ&_nc_ht=scontent-lax3-1.cdninstagram.com&_nc_cat=110&_nc_oc=Q6cZ2QFtmqH4UoFxPOEHnVzaQa5xFP4HeIxgDuXOW4X2G1GpUdwzEu_eL9-g22qWG5HMs5M&_nc_ohc=rkeu5QDTOxEQ7kNvwFsksNS&_nc_gid=hj4Nz84F5wRBMMf48x52-Q&edm=ALQROFkBAAAA&ccb=7-5&ig_cache_key=MzM4NjAzNjM3ODE5MTQ5NzQ3Nw%3D%3D.3-ccb7-5&oh=00_AfHBKEBczOpAktDxauNoShLZfgNJhXh_cNuV3Z8AD81MmQ&oe=67FFB1F4&_nc_sid=fc8dfb,"[-0.093961604, -0.0907685, -0.017288068, -0.08351196, -0.037198275, -0.020486502, 0.0060054255, -0.0917899, -0.004733197, 0.115941286, -0.11009763, -0.0081692645, -0.03131441, -0.033496518, -0.10496567, -0.13578607, -0.11576558, -0.053396184, 0.05521135, -0.13067573, -0.078263335, 0.048603334, -0.034984842, 0.06839083, -0.12577023, 0.10333938, 0.032513052, 0.07957395, 0.092244536, -0.060376342, -0.03606039, -0.073178254, -0.0060569434, -0.043089442, 0.009526602, -0.002828707, -0.050120167, -0.077936985, 0.18631901, -0.037634585, -0.047023118, 0.012061252, -0.11239591, -0.11691824, -0.13641466, 0.026567422, -0.12271887, -0.046502963, -0.015511034, 0.02630929, 0.061024323, -0.018297767, -0.011446324, -0.011002503, -0.115285605, -0.0067556137, 0.059170865, 0.19968043, 0.1283073, -0.12666775, -0.04562876, 0.02663565, -0.017173272, 0.14210887, -0.016288899, 0.034777183, -0.13659906, -0.06250191, 0.057492338, 0.15310304, -0.08918487, -0.1415026, 0.20525852, 0.05407371, 0.03413005, -0.103047036, 0.07657499, -0.009507452, 0.052975, 0.024178011, 0.03256399, -0.09484189, 0.0012918069, 0.09668919, -0.05626309, -0.06030212, -0.13662186, 0.17767808, -0.1689366, -0.08654698, 0.008327383, -0.08348225, -0.01344725, 0.06261202, 0.0016857344, -0.059684034, -0.01678172, 0.09504058, -0.10996675, -0.029704127, 0.11657898, 0.060964696, 0.054151244, -0.010963107, 0.10211512, 0.02575582, 0.07737134, 0.10926038, 0.032362923, 0.08616973, 0.05751841, -0.032850828, -0.06750226, 0.096217155, -0.2528369, 0.16702469, -0.025864553, -0.06267373, 0.0016347741, 0.080870986, -0.01106044, -0.0075724632, -0.010282181, 0.07875806, -0.023343952, -0.16803789, 0.24821843, 0.069018774]"
C2YbplMp_Xl,https://scontent-lax3-1.cdninstagram.com/v/t51.29350-15/420047401_3556724297873302_6439708847508672782_n.jpg?stp=dst-jpg_e35_s1080x1080_tt6&efg=eyJ2ZW5jb2RlX3RhZyI6IkNBUk9VU0VMX0lURU0uaW1hZ2VfdXJsZ2VuLjE0NDB4MTIyNS5zZHIuZjI5MzUwLmRlZmF1bHRfaW1hZ2UifQ&_nc_ht=scontent-lax3-1.cdninstagram.com&_nc_cat=110&_nc_oc=Q6cZ2QGuJbE3G5fZScBtbbAx6t4M4LoWL83HofzmVqWDq8Hcv0mcBbXq9ccQb88HQjgIDwU&_nc_ohc=DSwy84zRvOsQ7kNvwGR2JlY&_nc_gid=zZhG-6FXvmXOExk9dfwBUw&edm=ALQROFkBAAAA&ccb=7-5&ig_cache_key=MzI4NTQ5NzUyODQ4MzAwMTEzNg%3D%3D.3-ccb7-5&oh=00_AfFg3_EkQ4dV2sSaamrR36uQg_IWy2zzGwhyegh7orXlXA&oe=67FFE1CD&_nc_sid=fc8dfb,"[0.023516113, -0.08680005, -0.020646175, -0.014252564, 0.0045225336, -0.08333024, -0.056359272, -0.113051, -0.097240664, -0.07054536, -0.13381246, -0.05920929, -0.13251989, -0.08647489, -0.0007042751, -0.111033656, -0.043175485, 0.008536815, -0.06932193, -0.09178615, -0.040107347, -0.00066993653, 0.01660353, 0.10780978, -0.23805492, 0.043341625, 0.119080335, 0.13283892, 0.07219618, -0.08462374, -0.13789104, 0.01941242, -0.07867798, -0.058176678, 0.03238556, 0.088961475, -0.001202224, -0.07992253, 0.15994698, -0.07855453, -0.029197842, -0.026406309, -0.22132255, -0.063391775, -0.07418133, -0.016349368, -0.029690128, -0.046556443, -0.017213555, 0.0880514, 0.05303731, -0.086523846, 0.00034115382, -0.0485003, -0.106876716, 0.030787557, 0.10416134, 0.21484594, 0.08098234, -0.14195286, -0.07096979, 0.03822389, 0.03930687, 0.15315048, 0.022711288, -0.010030809, -0.13582915, -0.057254918, 0.099272825, 0.0888985, -0.08405288, -0.11854291, 0.17492516, 0.14624532, 0.043032527, -0.071802825, 0.05554916, -0.019058703, 0.021350639, 0.05302992, 0.07102868, 0.018410938, 0.0056042518, 0.10849576, -0.008941644, -0.09422437, -0.12811491, 0.13792703, -0.07872278, -0.04791135, -0.08106171, -0.021940764, -0.072488904, 0.027964696, 0.045329794, -0.0015547504, -0.06761144, 0.023537131, 0.010426936, -0.0535892, 0.052684754, 0.0363626, -0.03785012, -0.0023106984, 0.0374438, 0.0075659608, 0.032641098, 0.124165304, 0.034199607, -0.0014645981, 0.10230802, -0.03874617, 0.01925253, 0.15798067, -0.118159555, 0.16970241, 0.0147552965, -0.01525145, 0.011418151, 0.07135452, -0.17583972, 0.024989245, -0.026874645, 0.110753514, 0.00827572, -0.1480354, 0.278912, 0.03245562]"
DHuX3QggDOK,https://scontent-lax3-2.cdninstagram.com/v/t51.2885-15/486621671_18501439888012619_8245677272886107803_n.jpg?stp=dst-jpg_e35_s1080x1080_tt6&efg=eyJ2ZW5jb2RlX3RhZyI6IkNBUk9VU0VMX0lURU0uaW1hZ2VfdXJsZ2VuLjE0NDB4MTA4MC5zZHIuZjc1NzYxLmRlZmF1bHRfaW1hZ2UifQ&_nc_ht=scontent-lax3-2.cdninstagram.com&_nc_cat=111&_nc_oc=Q6cZ2QG3b_dFMQTy-uxz0Lv71_U9VJtkB1HfogkvaqZ_QD2rEQBemje5ValHpG1MVfPWRAg&_nc_ohc=E6Ph2g9BJnMQ7kNvwG8C9o2&_nc_gid=6FMbElMMSMS-Lc34Dn2WPQ&edm=ALQROFkBAAAA&ccb=7-5&ig_cache_key=MzU5NzkxODA5NTM4NzM2NzU3Mw%3D%3D.3-ccb7-5&oh=00_AfHqjuJs41llmdtK8YVypmvpAeaWlAtkMZ_LdIGqPlKbwg&oe=67FA66F8&_nc_sid=fc8dfb,"[-0.095542714, -0.015606643, 0.09593765, -0.02669013, -0.10595009, -0.039788313, -0.075023234, -0.120578684, -0.06304715, 0.12468703, -0.16005673, -0.14882395, -0.10291569, -0.024356129, -0.00688016, -0.094051, -0.069952965, -0.053296592, -0.024773486, -0.11509749, -0.03712543, 0.053429488, 0.036967415, 0.027485246, -0.23256762, 0.12020974, 0.001084491, 0.10466925, 0.008114506, -0.14008106, -0.029028544, -0.032516703, -0.03459984, -0.034102328, 0.04080363, -0.01743451, -0.042751472, -0.09585356, 0.15198891, -0.06486289, -0.054106206, -0.019888487, -0.09844048, -0.11520651, -0.045148045, -0.012491777, -0.06634082, -0.033616535, -0.0031139026, 0.0806983, 0.14309916, -0.040814262, 0.05100091, 0.0037685826, -0.15155575, -0.0027192275, 0.08759793, 0.16798657, 0.15129882, -0.19393608, -0.032268457, -0.07554657, 0.06450534, 0.22373807, -0.063605465, 0.008168792, -0.1055576, -0.09896268, 0.11595703, 0.1041405, -0.0050870017, -0.10651783, 0.08630723, 0.1083867, 0.028536923, -0.12087659, 0.06396922, -0.06462808, 0.016694875, 0.087580346, 0.03379097, -0.052408364, 0.0051461696, 0.07432365, 0.007700603, -0.10025062, -0.04798987, 0.084042765, -0.12779179, -0.070037454, -0.031308223, -0.05517515, -0.030400496, -0.06018244, 0.010483127, -0.0655607, -0.034299448, 0.033576474, -0.081296414, -0.039247017, 0.013842143, 0.06855771, -0.018932033, 0.0154174855, -0.021821657, -0.036311433, 0.070331715, 0.11168081, 0.032224745, 0.109449185, 0.07933699, -0.09296315, -0.066567026, 0.10962256, -0.186593, 0.08612669, -0.086128466, -0.004537393, -0.07701851, 0.08120102, -0.08534821, 0.02136241, -0.044721782, 0.15459165, -0.041147694, -0.13464041, 0.25013074, 0.10289663]"
DGTYnOmRFJq,https://scontent-lax3-2.cdninstagram.com/v/t51.2885-15/480497824_18494075611012619_4684597263825896096_n.jpg?stp=dst-jpg_e35_s1080x1080_tt6&efg=eyJ2ZW5jb2RlX3RhZyI6IkNBUk9VU0VMX0lURU0uaW1hZ2VfdXJsZ2VuLjE0NDB4MTE5Mi5zZHIuZjc1NzYxLmRlZmF1bHRfaW1hZ2UifQ&_nc_ht=scontent-lax3-2.cdninstagram.com&_nc_cat=111&_nc_oc=Q6cZ2QGaGtuSaZPS46eciyVMeMspkXudnp-Me962u6F67jSZWtHZTWQ8M9I4AooZ-S_S-og&_nc_ohc=1fswTVWwXZoQ7kNvwEC4E6f&_nc_gid=1HIvqeYCvbHkGULwRiXYYA&edm=ALQROFkBAAAA&ccb=7-5&ig_cache_key=MzU3MjMwNzE2ODI0NDE3NTM2MQ%3D%3D.3-ccb7-5&oh=00_AfEy8WUoYHyanYnn1X0GvX6iqzB8L-72HLt-LAtruSRPcg&oe=67FA56D4&_nc_sid=fc8dfb,"[-0.05636473, -0.069735356, -0.031982027, -0.07090995, -0.035883542, -0.039288852, -0.019134235, -0.052720644, -0.038947694, 0.04232407, -0.14364372, -0.03599695, -0.026424892, -0.03435922, -0.034879006, -0.13731883, -0.093196474, -0.060583662, 0.015599947, -0.09781833, -0.07626953, -0.0038014965, 0.033645816, 0.059174716, -0.18288141, 0.0011116735, 0.0668047, 0.08114366, 0.048350774, -0.031667612, -0.1239177, -0.034478653, -0.020403555, -0.0038342183, 0.038396355, 0.024186276, -0.021610772, -0.15689369, 0.1966417, -0.04826131, 0.016009154, 0.060355823, -0.17682597, -0.12876411, -0.11614908, -0.029117385, -0.114885956, -0.07249648, 0.06385901, 0.06898377, 0.13475007, -0.03015513, -0.004783511, 0.0191532, -0.0983049, 0.049161322, 0.11738029, 0.13256449, 0.11701339, -0.13454738, -0.06257716, 0.0015956578, 0.08252012, 0.16250095, -0.04389687, 0.08110678, -0.18315725, -0.079425655, 0.09440787, 0.10451695, -0.13974422, -0.16706234, 0.20185094, 0.066339895, -0.0036197444, -0.057879433, 0.010499868, -0.005339132, 0.10157661, 0.109430924, 0.043961193, -0.12648277, 0.033684462, 0.09165226, -0.04168826, -0.09294964, -0.1395442, 0.10510275, -0.13636667, -0.037533917, -0.072298214, -0.05425093, 0.012463536, -0.0021437006, 0.023282768, -0.010331023, -0.0280463, 0.065126106, -0.10020483, 0.03258064, 0.09226402, 0.03557147, 0.007003339, 0.0074502807, 0.045462396, 0.053016845, 0.072192, 0.11402599, 0.069589145, 0.10559478, 0.064712025, -0.029656162, -0.03407926, 0.10567985, -0.15694019, 0.10325218, -0.04812446, -0.01851926, -0.005055351, 0.052121747, -0.055598985, 0.017659161, -0.026918234, 0.13840267, -0.056397337, -0.18424475, 0.26686567, 0.056851014]"
DG1rLC4gVnM,https://scontent-lax3-2.cdninstagram.com/v/t51.2885-15/482953094_18496592656012619_7334614050662916748_n.jpg?stp=dst-jpg_e35_s1080x1080_tt6&efg=eyJ2ZW5jb2RlX3RhZyI6IkZFRUQuaW1hZ2VfdXJsZ2VuLjE0NDB4MTQzOC5zZHIuZjc1NzYxLmRlZmF1bHRfaW1hZ2UifQ&_nc_ht=scontent-lax3-2.cdninstagram.com&_nc_cat=111&_nc_oc=Q6cZ2QEi3FHCgP1VXKba_4R4W_oUAhIAXKE2uPHdcJG-0K4Rjl1GPhD_XaQW75hyob_N7U8&_nc_ohc=QTL0kuV4QPgQ7kNvwFDFeWj&_nc_gid=9bziboFlyLFNpNJwCRoB1A&edm=ALQROFkBAAAA&ccb=7-5&ig_cache_key=MzU4MTk1ODk1MzY1MjgwNDA0NA%3D%3D.3-ccb7-5&oh=00_AfE6prTKg_PYX9EqTQ24u5JRvLS6bHqp4zJ3RjqOo-RejA&oe=67FA7822&_nc_sid=fc8dfb,"[-0.073632054, -0.057609294, 0.046063032, -0.021410665, -0.04656528, -0.076452464, -0.066590756, -0.09979595, -0.034476746, 0.041153148, -0.14864789, -0.086639814, -0.079346836, 0.014119273, -0.09615514, -0.07346147, -0.060754824, 0.002282053, 0.008819487, -0.10300517, -0.03991491, -0.017389346, -0.028730838, 0.071416214, -0.109793395, 0.035837844, -0.01830482, 0.10986715, 0.052095346, -0.03363161, -0.08235432, -0.052337352, -0.001161321, -0.006080265, 0.0019953037, -0.01940407, -0.1250624, -0.15796688, 0.15589009, -0.07500451, -0.014109027, 0.044016894, -0.10786618, -0.13851762, -0.052761175, -0.01886772, -0.10021909, -0.08568792, 0.066684105, 0.03290757, 0.11421406, 0.011712702, 0.02443781, 0.009912664, -0.0491151, 0.038171045, 0.14739953, 0.079864725, 0.1655659, -0.14237335, -0.08389205, -0.010400452, 0.00026456386, 0.12521484, 0.0028095355, 0.05356071, -0.16339754, -0.118713334, 0.13086571, 0.21107, -0.12926948, -0.106482916, 0.19786729, 0.10528344, 0.049876284, -0.028756201, 0.008838605, -0.016160218, 0.05031739, 0.072920725, 0.040141236, -0.11553727, 0.058234114, 0.051840913, -0.07832714, -0.09567834, -0.1049822, 0.14010555, -0.149219, -0.0030242214, -0.03388623, -0.05707311, -0.06756593, -0.038744193, 0.034653395, -0.052274454, -0.06819251, 0.0063747657, -0.086537406, -0.0022209883, 0.06733674, 0.007364201, -0.030817827, -0.07301206, -0.0039763325, -0.008676343, 0.108029194, 0.06594608, 0.08913653, 0.08548823, 0.07888397, -0.07658007, -0.07979917, 0.09754995, -0.19313036, 0.12879701, 0.024907704, -0.016527973, -0.02378931, 0.0322014, -0.10156522, 0.097641766, -0.038168333, 0.14765532, 0.00867871, -0.22473428, 0.26758343, 0.046512306]"
DFjcXVWgJ3G,https://scontent-lax3-2.cdninstagram.com/v/t51.2885-15/476283013_18490726633012619_6368642503467551996_n.jpg?stp=dst-jpg_e35_s1080x1080_tt6&efg=eyJ2ZW5jb2RlX3RhZyI6IkNBUk9VU0VMX0lURU0uaW1hZ2VfdXJsZ2VuLjE0NDB4MTQ0MC5zZHIuZjc1NzYxLmRlZmF1bHRfaW1hZ2UifQ&_nc_ht=scontent-lax3-2.cdninstagram.com&_nc_cat=111&_nc_oc=Q6cZ2QFsI6CS9CZIYzdSn9jLZ1k9tjMbpz45Fst13BVmn9eo4DY_ZWGmWSC5T8j4dP-SROE&_nc_ohc=Rf8xtWG377sQ7kNvwEVRUMJ&_nc_gid=iEGCy4RcklcXMGzSivzjWA&edm=ALQROFkBAAAA&ccb=7-5&ig_cache_key=MzU1ODgxMjg2Njk1NjE1ODE5Mg%3D%3D.3-ccb7-5&oh=00_AfHAohKdo9-pH0vT_YGqUA1NiUNMv1VEjs4MWxEnq06xOA&oe=67FA6410&_nc_sid=fc8dfb,"[-0.019000037, -0.04946061, -0.009670006, -0.04989031, -0.0013745511, -0.052500356, -0.110372685, -0.109152704, -0.036086053, 0.0030315123, -0.19909005, -0.098771356, -0.08108017, -0.08530306, 0.007389621, -0.04012657, -0.08714227, -0.04026886, 0.06198445, -0.055928946, -0.015205645, 0.049089704, -0.02159498, 0.06109677, -0.1966502, 0.0724925, 0.067949854, 0.09518822, 0.06451489, -0.09464707, -0.104917966, -0.016890021, -0.030702181, -0.11085704, 0.07611099, -0.0054014153, -0.05893319, -0.1042226, 0.21187426, -0.08369246, -0.047706723, 0.00025424146, -0.14240673, -0.11733666, -0.06744342, -0.028640633, -0.07936083, -0.04931409, 0.055757955, 0.07553232, 0.07911343, -0.010215833, 0.04599708, -0.007027951, -0.1179487, 0.031221526, 0.070156075, 0.14110407, 0.08647437, -0.08738001, -0.088911556, 0.019460965, 0.06833352, 0.15566935, -0.016550334, 0.0049879975, -0.19443287, -0.14533392, 0.103014946, 0.21005447, -0.13989402, -0.18200341, 0.11208186, 0.07178284, 0.014437529, -0.036950544, 0.003400096, -0.057498522, 0.05178641, 0.058438715, 0.03922174, -0.11240157, 0.02788625, 0.05593301, -0.10714795, -0.09230662, -0.13496222, 0.12686723, -0.12893213, -0.0055581327, -0.057718854, -0.050120465, -0.06892333, -0.005723222, 0.053496763, -0.052694008, 0.006703291, 0.0655728, -0.083356, 0.034578383, 0.03117266, 0.023412224, 0.01811941, 0.006865929, 0.011241651, -0.07206714, 0.080515794, 0.04052823, 0.07398297, 0.081294514, 0.07249315, -0.076448105, -0.059356183, 0.098944955, -0.13934931, 0.14740084, -0.03158925, -0.029167002, -0.049509015, 0.06931353, -0.1355578, 0.012245843, -0.014169523, 0.07448878, -0.044170868, -0.21950418, 0.23221771, 0.08859516]"
DFbjHBbx78J,https://scontent-lax3-2.cdninstagram.com/v/t51.2885-15/475643866_18490201441012619_7658633892972583194_n.jpg?stp=dst-jpg_e35_s1080x1080_tt6&efg=eyJ2ZW5jb2RlX3RhZyI6IkZFRUQuaW1hZ2VfdXJsZ2VuLjE0NDB4MTQ0MC5zZHIuZjc1NzYxLmRlZmF1bHRfaW1hZ2UifQ&_nc_ht=scontent-lax3-2.cdninstagram.com&_nc_cat=111&_nc_oc=Q6cZ2QF2Vy3CYIveFTGFmUS2EJX21FzOHTcjexO3bB8u3NufnxhLqURC42OXjeyHv-4E17o&_nc_ohc=B-8gBCaKTLwQ7kNvwFVRaUl&_nc_gid=h_6GkISX40Hl1hBIUwwubQ&edm=ALQROFkBAAAA&ccb=7-5&ig_cache_key=MzU1NjU5MDc0NDk0MzE4MTU3Nw%3D%3D.3-ccb7-5&oh=00_AfHwebVAbCO9aFSgJZJdujaOJjDyQwsU8RTbowdpWYsyqA&oe=67FA4810&_nc_sid=fc8dfb,"[-0.05245102, -0.0074311914, 0.008776786, -0.059124723, -0.025991127, -0.031482246, -0.097534485, -0.094371, -0.002485603, -0.029299878, -0.1266053, -0.07934973, -0.09917061, -0.0583114, -0.028685642, -0.10798971, -0.032871634, 0.012943606, -0.05041393, -0.14179043, -0.042260867, 0.041135542, -0.009799993, 0.012459388, -0.10008371, 0.08480725, 0.0002138556, 0.14798576, 0.13950168, -0.05497664, -0.06751155, -0.05068918, -0.058860604, -0.029556688, 0.010864451, 0.0295858, -0.05779762, -0.08644329, 0.11705779, -0.10039664, -0.011139052, -0.0022101365, -0.13495283, -0.15696499, -0.04223679, -0.08800751, -0.014154939, -0.07119563, 0.061965283, 0.011195549, 0.10828364, -0.08928646, -0.003923001, -0.09148046, -0.10732903, 0.021060131, 0.07224855, 0.13827622, 0.117055856, -0.083068155, -0.0691754, 0.041371144, -0.007407233, 0.14308827, -0.011538257, 0.072255, -0.16806579, -0.11923927, 0.07211048, 0.21024781, -0.09728314, -0.09796418, 0.2515912, 0.07597753, 0.025587346, -0.03397594, 0.065621704, -0.043854624, 0.039895166, 0.114655025, 0.039708663, -0.08674804, 0.051242515, 0.07547653, -0.040350992, -0.04598319, -0.15535083, 0.21762455, -0.13905357, 0.005332635, -0.0102259265, -0.020151682, -0.0056761755, -0.034989297, 0.01555139, -0.081097536, -0.028828401, 0.056938987, -0.11071561, -0.04791597, 0.053444237, 0.0022433375, -0.024173964, -0.09790111, 0.010973907, -0.010594419, 0.085596636, 0.06376024, 0.043788992, 0.14171436, 0.012092474, -0.04665632, -0.0885582, 0.14786601, -0.17656276, 0.20143726, -0.037576113, 0.034534283, -0.029568374, 0.02759278, -0.14124596, 0.03506625, -0.028643193, 0.10802554, -0.017178182, -0.15704925, 0.23204194, 0.00906111]"
DHmbshcMdFQ,https://scontent-lax3-2.cdninstagram.com/v/t51.2885-15/486765001_18500778439012619_6427846577609269884_n.jpg?stp=dst-jpg_e35_s1080x1080_tt6&efg=eyJ2ZW5jb2RlX3RhZyI6IkNBUk9VU0VMX0lURU0uaW1hZ2VfdXJsZ2VuLjE0NDB4MTA3OC5zZHIuZjc1NzYxLmRlZmF1bHRfaW1hZ2UifQ&_nc_ht=scontent-lax3-2.cdninstagram.com&_nc_cat=111&_nc_oc=Q6cZ2QFuuMq6tW49d0X2KV_WiY34Xizek4ywYm1N9j5Ag2UBIWjpGQM7BKEPCExf_xYVbaM&_nc_ohc=841lTZHX8AsQ7kNvwEWeohB&_nc_gid=U81DOt7i765Z9iGUvPdwwg&edm=ALQROFkBAAAA&ccb=7-5&ig_cache_key=MzU5NTY4MzE0MTA1OTA5MzU5Ng%3D%3D.3-ccb7-5&oh=00_AfFM6Swsn-OZa_YHcWZ9qOZIfw6tibnerhsxL8oJS21Q-Q&oe=67FA4824&_nc_sid=fc8dfb,"[-0.005423538, -0.075698934, -0.00837804, -0.003953428, -0.037200574, -0.06494069, -0.062970564, -0.030294858, -0.122325644, -0.034555547, -0.23672774, -0.08295332, -0.075995274, -0.02007691, -0.02104523, -0.08055824, -0.012931479, 0.019048128, -0.06553964, -0.08536406, -0.034207024, -0.01861114, -0.009308206, 0.03847618, -0.1760219, -0.03557316, 0.08523903, 0.056622926, 0.059932634, -0.08885244, -0.15745626, 0.030662451, 0.01058337, 0.029909711, 0.0508125, 0.029670237, 0.022644153, -0.1788858, 0.20197748, -0.051137753, 0.017590607, 0.012477225, -0.15735176, -0.080198556, 0.0013996423, 0.020600146, -0.094150044, -0.10359546, 0.09792994, 0.14467825, 0.08163848, -0.01235571, 0.013847351, 0.0017119149, -0.11751964, 0.08972557, 0.13582005, 0.12462529, 0.094710924, -0.15850343, -0.05508818, -0.0076739322, 0.13643415, 0.16942632, -0.08987291, 0.0039852094, -0.1548934, -0.06579148, 0.15922813, 0.10790654, -0.094814114, -0.1036139, 0.08568821, 0.09469525, -0.00793051, -0.09027216, -0.027809313, -0.050359376, 0.11464446, 0.03701431, 0.035873495, -0.021547027, 0.093600295, 0.023459138, -0.05271198, -0.16477722, -0.14497074, 0.08617267, -0.08991045, -0.015647728, -0.10558882, -0.042775158, -0.02967463, -0.080809966, 0.064277865, -0.0068573914, 0.020382345, -0.006416259, -0.045133367, 0.04463364, 0.004407998, 0.0358908, -0.06113997, -0.017502978, 0.0059734024, 0.017545942, 0.06435979, 0.07257361, 0.057959195, 0.043943323, 0.046294205, -0.0071626133, 0.013171852, 0.15343554, -0.097711205, 0.11076155, -0.028003808, 0.011507573, -0.032537468, -0.03193421, -0.12014503, 0.07485849, -0.09766027, 0.14231323, -0.017077995, -0.19706891, 0.28556344, 0.049739696]"
DH65iw8xFBq,https://scontent-lax3-2.cdninstagram.com/v/t51.2885-15/487832073_18502519960012619_8997777133527092155_n.jpg?stp=dst-jpg_e35_s1080x1080_tt6&efg=eyJ2ZW5jb2RlX3RhZyI6IkNBUk9VU0VMX0lURU0uaW1hZ2VfdXJsZ2VuLjE0NDB4MTA4MC5zZHIuZjc1NzYxLmRlZmF1bHRfaW1hZ2UifQ&_nc_ht=scontent-lax3-2.cdninstagram.com&_nc_cat=111&_nc_oc=Q6cZ2QGiEaFf-VTt36paI0_nFIC-snJl127PowNtGbOhO6cCO9I6jvnqaV4fewRKncWMNs4&_nc_ohc=N-VEBxl1qM4Q7kNvwG47exd&_nc_gid=r9CHVEM0dBNBiKmQjV2pqw&edm=ALQROFkBAAAA&ccb=7-5&ig_cache_key=MzYwMTQ0MzkxOTY3NTk2NDUzMg%3D%3D.3-ccb7-5&oh=00_AfFWF_vQ3n-hcc5-HunfY8KJ5O-bPFqQ5u4LArDt8Z5rUQ&oe=67FA7B62&_nc_sid=fc8dfb,"[0.0015915271, -0.053907264, 0.009186414, -0.039515704, -0.03089934, -0.07380111, -0.087742485, -0.081534386, -0.071911156, 0.0106913075, -0.15329067, -0.06352834, -0.084384724, -0.023036677, -0.03128439, -0.1472401, -0.028971422, -0.007104007, 0.013004019, -0.07913567, -0.07717791, 0.044772323, -0.06738663, 0.0557353, -0.13726613, 0.02569809, 0.047158852, 0.12249059, 0.04869853, -0.10183049, -0.09654233, -0.0054104337, -0.012609971, -0.0404189, 0.026640436, -0.01598185, -0.019685905, -0.08761647, 0.18672222, -0.054726984, 0.021423914, 0.017904289, -0.070157185, -0.13698713, -0.11039088, -0.030776294, -0.11895405, -0.10190025, 0.06878829, 0.052206248, 0.11248538, -0.010612492, 0.041281663, 0.01208268, -0.09953113, 0.08652335, 0.129629, 0.17724921, 0.14359078, -0.14646664, -0.15685299, 0.018437317, 0.06360649, 0.12594058, -0.012075747, -0.007432926, -0.14680983, -0.042826075, 0.13307562, 0.124152154, -0.09027048, -0.13351825, 0.22080235, 0.11135776, 0.057121985, -0.11202531, 0.008813805, -0.009052518, 0.03884885, 0.065804005, 0.014538235, -0.10044922, 0.08817398, 0.09471743, -0.10715544, -0.10605595, -0.14192998, 0.18319772, -0.114306375, 0.012882017, -0.048506167, -0.06462593, -0.030109687, -0.03086859, -0.011433219, -0.04309466, -0.013603132, -0.014491249, -0.028930385, 0.017292134, 0.035267893, 0.04081046, -0.012687068, 0.016650215, 0.04520365, 0.04384409, 0.07472221, 0.044211224, 0.10670051, 0.060672037, 0.015583186, -0.05654729, -0.053017084, 0.13099256, -0.16860539, 0.14131762, -0.010413631, -0.031018848, 0.039739884, 0.08333881, -0.08294654, 0.016124876, -0.006947397, 0.10262317, 0.026697246, -0.1676001, 0.3033799, 0.015342332]"
DFf2EVcOFeq,https://scontent-lax3-2.cdninstagram.com/v/t51.2885-15/475446112_18490411135012619_843453845691122121_n.jpg?stp=dst-jpg_e35_tt6&efg=eyJ2ZW5jb2RlX3RhZyI6IkZFRUQuaW1hZ2VfdXJsZ2VuLjEwODB4MTA4MC5zZHIuZjc1NzYxLmRlZmF1bHRfaW1hZ2UifQ&_nc_ht=scontent-lax3-2.cdninstagram.com&_nc_cat=111&_nc_oc=Q6cZ2QGwaNSJqnJtYbIfOk5Q_kbS1NalMVM69_Whr09iwNzKT3GXdwv7FE4BNaehZb4MhY4&_nc_ohc=hc0oDNtqWxgQ7kNvwHRFgDJ&_nc_gid=qYkEtl3p66vJ_JshDBv-Dw&edm=ALQROFkBAAAA&ccb=7-5&ig_cache_key=MzU1NzgwMDAyMzA1NzUyMDU1NA%3D%3D.3-ccb7-5&oh=00_AfH82tdgrQBlZaV0SPSiiQY-PNYLJsUEjYaAxSTYLjpwLA&oe=67FA5CAF&_nc_sid=fc8dfb,"[-0.008055791, -0.057752706, -0.019291203, -0.06349429, 0.0022284596, -0.097682595, -0.02894542, -0.05427526, -0.03813978, 0.047055695, -0.16027394, -0.036165424, -0.05246769, -0.022063157, -0.030448262, -0.11811159, -0.08893594, -0.029908149, 0.008070393, -0.07456183, -0.06320511, 0.073835716, 0.010296747, 0.027961036, -0.11222728, 0.060955156, -0.0016478646, 0.14769381, 0.07936259, -0.07899626, -0.05459707, -0.031250257, 0.02827277, -0.0013305742, 0.0008447081, 0.045162607, -0.10321075, -0.12955184, 0.18254057, -0.0024885384, 0.020492835, 0.053344347, -0.123434626, -0.14545895, -0.12682211, -0.030875465, -0.06835591, -0.059046913, 0.06340144, 0.040267732, 0.11465335, -0.02492863, 0.0682085, -0.0073701604, -0.073193744, 0.0490443, 0.09456472, 0.13586666, 0.1111348, -0.12123723, -0.08509875, 0.060475696, 0.03871426, 0.11857124, -0.001779732, 0.057683572, -0.18692431, -0.066610515, 0.10899529, 0.12313582, -0.11361701, -0.16269247, 0.20728078, 0.07179129, 0.056862727, -0.08897593, -0.006273054, -0.034556616, 0.037504017, 0.13621952, 0.03586664, -0.09327335, 0.047928307, 0.0657595, -0.08394927, -0.05768214, -0.13054278, 0.14988813, -0.18337063, -0.034651563, -0.03401878, -0.06247088, -0.0440756, -0.075910434, 0.0046845954, -0.060323052, -0.046606354, 0.019375699, -0.11177453, 0.028355286, 0.09158435, 0.044661425, -0.05918286, -0.05026486, 0.06927453, 0.06407137, 0.064823434, 0.09043355, 0.08105994, 0.073127925, 0.054547828, -0.024463803, -0.04118977, 0.1257399, -0.18275388, 0.16399041, -0.048933692, -0.012435388, 0.026209231, 0.13620695, -0.061766736, 0.045181837, -0.0009593949, 0.14414911, 0.030400341, -0.16682737, 0.2769231, 0.037633646]"
DFObyqqBeRg,https://scontent-lax3-2.cdninstagram.com/v/t51.2885-15/474676592_18489340345012619_7468197314546895408_n.jpg?stp=dst-jpg_e35_p1080x1080_tt6&efg=eyJ2ZW5jb2RlX3RhZyI6IkZFRUQuaW1hZ2VfdXJsZ2VuLjE0NDB4MTgwMC5zZHIuZjc1NzYxLmRlZmF1bHRfaW1hZ2UifQ&_nc_ht=scontent-lax3-2.cdninstagram.com&_nc_cat=111&_nc_oc=Q6cZ2QE_fPiv_hJJE5JOHN2Smqznmyk_kCkH8QIkW2EacGswzCDmycskumDyjExUKDnSzbY&_nc_ohc=CB2XVB2DHK8Q7kNvwFcqNa0&_nc_gid=KelhyARtNc6oH5iezLA-8Q&edm=ALQROFkBAAAA&ccb=7-5&ig_cache_key=MzU1Mjg5OTM4NTA3MzcyMjQ2NA%3D%3D.3-ccb7-5&oh=00_AfGLjR3fSuQK4iOtxRKNcbSV3k-sIDqrqpG14qjfqqLGJA&oe=67FA5968&_nc_sid=fc8dfb,"[-0.028168177, -0.062424183, -0.019326685, -0.029708125, -0.027190996, -0.07693142, -0.06050184, -0.0326757, -0.03828151, 0.03345137, -0.21093859, -0.025327092, -0.051892493, -0.019124048, -0.014795508, -0.13461438, -0.08978971, -0.04527009, -0.094308876, -0.07922291, -0.08904767, 0.048886925, 0.0023011318, 0.039682157, -0.110375114, 0.020111514, 0.043841396, 0.17147051, 0.06012835, -0.0067977295, -0.068352535, -0.053998414, -0.0012997137, 0.012841386, -0.005884711, 0.046889488, -0.03160339, -0.16026579, 0.15147793, -0.060604848, 0.03760141, 0.08154763, -0.1284952, -0.1370649, -0.11800364, -0.0749364, -0.030645642, -0.0830297, 0.027990678, 0.039987218, 0.16637295, -0.0358254, 0.024820462, -0.0040695416, -0.08009765, 0.07920535, 0.12191697, 0.09068902, 0.10556392, -0.10676564, -0.099510826, -0.009650965, 0.10390363, 0.107177496, -0.0089811245, 0.05757543, -0.15088774, -0.0965712, 0.06835506, 0.16000861, -0.07517223, -0.13512726, 0.17695087, 0.10125773, 0.07638157, -0.13191663, -0.028152902, -0.102736495, -0.02819536, 0.1727271, -0.046639584, -0.06382081, 0.06739151, 0.076052174, -0.09357507, -0.11216988, -0.19125773, 0.21101007, -0.080426864, 0.005613415, -0.061388675, -0.07507036, -0.049277447, -0.061434485, -0.014355361, 0.0039212797, -0.033433445, 0.06563924, -0.00923655, -0.010358421, 0.045556, 0.02350107, -0.019901063, -0.019881856, 0.029968528, 0.055235904, 0.11342999, 0.09261536, 0.0709778, 0.094244234, 0.07659347, -0.0041044243, -0.012795737, 0.09057443, -0.1601751, 0.121438496, -0.011845068, -0.037092287, 0.055111915, 0.08339345, -0.06590435, 0.078016676, -0.057864092, 0.110631555, -0.007782877, -0.14847042, 0.2664408, -0.027733987]"
DG6uwZKACNm,https://scontent-lax3-2.cdninstagram.com/v/t51.2885-15/483087828_18496980367012619_942161203460260827_n.jpg?stp=dst-jpg_e35_s1080x1080_tt6&efg=eyJ2ZW5jb2RlX3RhZyI6IkNBUk9VU0VMX0lURU0uaW1hZ2VfdXJsZ2VuLjE0NDB4MTI2NC5zZHIuZjc1NzYxLmRlZmF1bHRfaW1hZ2UifQ&_nc_ht=scontent-lax3-2.cdninstagram.com&_nc_cat=111&_nc_oc=Q6cZ2QGx9Sk_QWw8ed4JqDZF-8uDNVm7394fJZd_VqaipkZIk8LS4mqlM0FpJcXHby3qsOE&_nc_ohc=ijl-14RA_A0Q7kNvwETxfLV&_nc_gid=2BOiiFkiM4-VMXSDUOKwOA&edm=ALQROFkBAAAA&ccb=7-5&ig_cache_key=MzU4MzM4MjA3NzM0MjQ5MDM2Ng%3D%3D.3-ccb7-5&oh=00_AfEDsoleyk9IShsHcfXYxc1x2INOWitdXUpvsEWTaAHihA&oe=67FA742C&_nc_sid=fc8dfb,"[-0.019539583, -0.045004934, 0.05707953, -0.058861203, -0.0316146, -0.047800634, -0.0017063448, -0.05943963, -0.10461551, -0.0036196974, -0.12724836, -0.088742845, -0.11671441, -0.020499293, 0.034746133, -0.09476931, 0.025940804, -0.08334252, 0.034188498, -0.06911553, 0.081512086, 0.036703475, -0.009595534, 0.044877544, -0.17222776, 0.00933613, 0.124041505, 0.15446037, 0.10288239, -0.05631046, -0.17465855, 0.10993786, -0.12453489, -0.005499699, -0.019430123, 0.12991655, -0.078879885, -0.014002438, 0.17838706, -0.111371174, 0.034939393, -0.014746994, -0.04769992, -0.119474396, 0.012317134, 0.05107633, -0.16490501, 0.015795695, 0.075550675, 0.07417175, 0.07836931, 0.011355222, 0.075756885, -0.023360655, -0.09882323, 0.008388925, 0.099063225, 0.051944163, 0.06412497, -0.046769526, -0.12115401, 0.040376045, 0.046085395, 0.07206607, -0.018360723, -0.009421413, -0.18069606, -0.052982762, 0.15629868, 0.14286909, -0.11686269, -0.13498081, 0.13484316, 0.11186234, 0.018258221, -0.041477013, -0.058886822, -0.07892757, 0.005471906, 0.09332992, -0.032900188, -0.054374788, 0.025756167, 0.10664531, 0.07707698, -0.10007967, -0.121521525, 0.06509448, -0.043586846, 0.053543683, -0.15144175, 0.10301687, 0.046009243, -0.082725555, 0.085290425, -0.06938022, 0.090199105, -0.012228795, -0.036616772, 0.09918459, 0.15305606, 0.028394468, -0.09559156, 0.024444629, 0.0967502, 0.035670448, 0.027184272, -0.00070400146, -0.0035239547, 0.10329532, 0.020459203, -0.015799185, -0.11936617, 0.0725793, -0.11101379, 0.21777406, -0.083172254, 0.003785942, -0.045292426, 0.07826334, -0.05826586, 0.011835474, 0.05092474, 0.110564984, -0.05285072, -0.10449337, 0.29722005, 0.05477358]"
DHCV11KAnDs,https://scontent-lax3-2.cdninstagram.com/v/t51.2885-15/483251464_18497648401012619_8061484356204206619_n.jpg?stp=dst-jpg_e35_s1080x1080_tt6&efg=eyJ2ZW5jb2RlX3RhZyI6IkNBUk9VU0VMX0lURU0uaW1hZ2VfdXJsZ2VuLjE0NDB4MTI5MC5zZHIuZjc1NzYxLmRlZmF1bHRfaW1hZ2UifQ&_nc_ht=scontent-lax3-2.cdninstagram.com&_nc_cat=111&_nc_oc=Q6cZ2QEpIY3t6pllCmfesKUaxZB4JD_IgbyntN4TZotC5TrkL4bfhxLBO-4mEVzh4QsIO-Y&_nc_ohc=F_5vj1QRIh0Q7kNvwGbGdDE&_nc_gid=Twxadqceh0WjlszVMx9WOg&edm=ALQROFkBAAAA&ccb=7-5&ig_cache_key=MzU4NTUyNDI5NjUwMTY3MzMyMQ%3D%3D.3-ccb7-5&oh=00_AfFH5w8IlgOQCY_seIKn7EWCGFiwHTr6cx6VLXkQYLNcxw&oe=67FA7479&_nc_sid=fc8dfb,"[-0.0503406, -0.016017469, -0.031161623, -0.033985022, -0.03823343, -0.06453591, -0.007864453, 0.014038999, -0.10853971, 0.044363856, -0.13834798, -0.0719751, -0.05933278, -0.037534624, -0.053926364, -0.12396578, -0.054059852, 0.009334643, -0.016648473, -0.13549453, -0.037757274, -0.053333472, 0.010152076, 0.06513183, -0.129913, 0.045105837, 0.020417541, 0.1545445, 0.13926682, -0.07102998, -0.15561022, -0.015920237, 0.025303949, -0.01531138, 0.027716503, -0.009830837, 0.05133457, -0.1066635, 0.17849967, -0.09600543, 0.02245193, 0.013536121, -0.116476774, -0.066856734, -0.12740529, -0.04987281, -0.09157947, -0.08086699, 0.10114905, 0.066257805, 0.17610452, 0.050567966, 0.040178213, 0.02626841, -0.08572513, 0.08622713, 0.15195665, 0.12721495, 0.10790632, -0.19613615, -0.03596609, 0.02130107, 0.03762175, 0.10525861, -0.081361316, 0.10853818, -0.05470776, -0.052174196, 0.15044048, 0.10041458, -0.12786138, -0.12684196, 0.17649539, 0.100445524, 0.026536109, -0.10489472, 0.06878151, -0.06299785, 0.10441846, 0.048335195, 0.016338551, -0.06711407, 0.02561415, 0.12139857, -0.020100206, -0.14017558, -0.18018763, 0.0881484, -0.13060044, 0.04398342, -0.09800609, -0.04912714, 0.054569215, -0.104253806, 0.09184902, -0.025996303, -0.029780509, 0.0554086, -0.012695787, 0.0667033, 0.02466434, 0.069386005, -0.040920597, -0.028911522, 0.07249735, 0.09205743, 0.038915776, 0.04856412, -0.0072752647, 0.018382141, -0.06481631, -0.042326152, -0.008501417, 0.14361846, -0.2138309, 0.14965884, -0.00059394893, -0.047991145, -0.0016672137, 0.105687, -0.061516646, 0.031279113, -0.037766904, 0.12193071, -0.012347302, -0.11813558, 0.20968567, -0.08328653]"
DHH5jNagQu-,https://scontent-lax3-2.cdninstagram.com/v/t51.2885-15/483883207_18498120433012619_3598637036743584716_n.jpg?stp=dst-jpg_e35_s1080x1080_tt6&efg=eyJ2ZW5jb2RlX3RhZyI6IkNBUk9VU0VMX0lURU0uaW1hZ2VfdXJsZ2VuLjE0NDB4MTE4NC5zZHIuZjc1NzYxLmRlZmF1bHRfaW1hZ2UifQ&_nc_ht=scontent-lax3-2.cdninstagram.com&_nc_cat=111&_nc_oc=Q6cZ2QGeonUlAVPtmSc5zr8JB63xY0qGnlAeIm92r4mNzCW1XLUPlJEuTHK3Lj_ijMBlCv4&_nc_ohc=fcUf7QBuu5MQ7kNvwGV0axA&_nc_gid=CiKP_WJ0SF_i_bdblmAdZg&edm=ALQROFkBAAAA&ccb=7-5&ig_cache_key=MzU4NzA4ODcxNjkyMjk2MDA0NQ%3D%3D.3-ccb7-5&oh=00_AfGbvls17dPsvRSlf6e_2r99dasb8-tMm_gekoLDupNQLw&oe=67FA5AE3&_nc_sid=fc8dfb,"[0.007207287, 0.035999, 0.02041168, -0.013598165, -0.057888735, -0.091111325, 0.038024306, -0.096329324, 0.018394187, -0.05844958, -0.09015517, -0.075433426, 0.04969008, -0.12453048, -0.01503709, -0.16905513, -0.06531651, -0.049186733, -0.029960327, -0.13158719, -0.029676285, 0.027394397, 0.011189699, 0.056779794, -0.079429336, 0.0753594, 0.13116828, 0.08751751, 0.093845345, -0.048640884, -0.13562442, -0.046836834, -0.027189633, -0.07069148, 0.048584647, 0.059567783, -0.048723128, -0.13653171, 0.15383048, -0.037530407, 0.01418375, -0.027253559, -0.017153814, -0.11675621, -0.02234736, -0.008724706, -0.060913563, -0.124928035, 0.03189155, 0.104208045, 0.11995147, -0.057723675, 0.010039371, -0.0041777487, -0.10052722, 0.05228345, 0.025907572, 0.08836337, 0.07708489, -0.08860458, -0.046488676, 0.030994754, 0.056043837, 0.1693097, -0.09345382, 0.11115073, -0.17205298, -0.06926616, 0.10842873, 0.14027217, -0.10933296, -0.12365903, 0.2260228, 0.029756555, 0.03458472, -0.035718318, 0.06267528, -0.052276343, 0.0058603687, 0.17105332, 0.116368644, -0.053123076, 0.085629985, 0.06648285, -0.043944485, -0.16214752, -0.15264115, 0.14758508, -0.13696007, -0.045177538, -0.073773295, 0.041944873, 0.010572088, -0.05885298, 0.03741427, -0.08577469, 0.03349333, 0.10131913, -0.08200564, -0.004401946, 0.053397, -0.016892185, -0.122842, -0.037733074, 0.044064507, 0.010843044, 0.06831502, 0.08568336, 0.00452993, 0.08034209, -0.018739056, -0.024145167, -0.112822175, 0.10130536, -0.10178674, 0.18678364, -0.028266624, 0.00039779022, 0.019436272, 0.048751533, -0.058675732, -0.019212592, -0.008237522, 0.16159463, 0.0006687563, -0.20604002, 0.26566848, -0.013351579]"
DFypMRcA402,https://scontent-lax3-2.cdninstagram.com/v/t51.2885-15/476575705_18491775892012619_7304760809172954700_n.jpg?stp=dst-jpg_e35_p1080x1080_tt6&efg=eyJ2ZW5jb2RlX3RhZyI6IkZFRUQuaW1hZ2VfdXJsZ2VuLjE0NDB4MTYxOS5zZHIuZjc1NzYxLmRlZmF1bHRfaW1hZ2UifQ&_nc_ht=scontent-lax3-2.cdninstagram.com&_nc_cat=111&_nc_oc=Q6cZ2QF7r2mfns71cVxKgdzoTusUowVLkUuZreXKatne8PjnUjnSM9BuzpKnSgSMmqhIbXE&_nc_ohc=3UMQASVn45wQ7kNvwEmXgze&_nc_gid=AasRxgQV_P7b6PhCZmV3jg&edm=ALQROFkBAAAA&ccb=7-5&ig_cache_key=MzU2MzA5MTQxODQ2Nzc2NTU1OA%3D%3D.3-ccb7-5&oh=00_AfFfBCw4NoczkXTsTm_18_4z3-q1tGRMx88U-ei0rkrW8g&oe=67FA50E4&_nc_sid=fc8dfb,"[-0.07188732, -0.076551914, 0.021917177, -0.11251384, -0.04787259, -0.0776275, -0.06340556, -0.09862533, -0.008506477, 0.0015411434, -0.13231143, -0.035621878, -0.0033118122, 0.046242394, -0.031057894, -0.12885556, -0.09119031, -0.031471923, -0.06444008, -0.12049067, -0.044957876, 0.053555608, -0.0052562533, 0.086919084, -0.17091674, 0.07066219, 0.04735549, 0.12314688, 0.022483183, -0.047618378, -0.08947529, -0.06044655, 0.015645362, -0.0051159933, 0.025107201, -0.041310214, -0.08422418, -0.15412284, 0.22283469, -0.0075529716, -0.05062893, 0.015362232, -0.071087494, -0.08959446, -0.04980687, 0.05587245, -0.14904578, -0.082931906, -0.013547646, 0.037058342, 0.074808955, -0.008242844, -0.01886087, 0.027391264, -0.1467112, -0.005224842, 0.086150706, 0.23824634, 0.13327572, -0.14285684, -0.06673651, -0.020880466, 0.008700625, 0.15423912, -0.005529765, 0.028599238, -0.11122981, -0.024696857, 0.08775599, 0.11395385, -0.10986691, -0.15286966, 0.17254382, 0.07603513, 0.009565772, -0.11010335, 0.054100897, 0.038418937, 0.08598714, 0.062680505, 0.098070815, -0.102927856, 0.050562885, 0.07543262, -0.09197717, -0.09430018, -0.14895763, 0.18232852, -0.14430934, -0.048020184, -0.0037479876, -0.07699305, -0.0071971067, 0.026022824, -0.017583936, -0.09952642, -0.036916383, 0.05683615, -0.098948754, 0.030966401, 0.07551921, 0.0595795, -0.015131906, 0.068112016, 0.100429595, -0.021223638, 0.09074549, 0.055856515, 0.03111277, 0.116839714, 0.091001466, -0.028302414, -0.015809746, 0.058515612, -0.20629197, 0.117500186, -0.049014684, -0.025724072, -0.061907426, 0.09833041, -0.03804405, 0.02776783, -0.0023826773, 0.023605617, -0.060090672, -0.11340388, 0.25139374, 0.071796834]"
DFGiWrWBPOL,https://scontent-lax3-2.cdninstagram.com/v/t51.2885-15/474651601_18488828413012619_3813178679531947004_n.jpg?stp=dst-jpg_e35_s1080x1080_tt6&efg=eyJ2ZW5jb2RlX3RhZyI6IkNBUk9VU0VMX0lURU0uaW1hZ2VfdXJsZ2VuLjE0NDB4MTA4MC5zZHIuZjc1NzYxLmRlZmF1bHRfaW1hZ2UifQ&_nc_ht=scontent-lax3-2.cdninstagram.com&_nc_cat=111&_nc_oc=Q6cZ2QEeiVm6KMPSEYyZn4-_5uyhlXevSB2bp0nOIQHM8H8hPjcfk_dCsbZMLJf6STbd-qw&_nc_ohc=cocVjocMNFUQ7kNvwHLNP76&_nc_gid=2R5H8Bkae4-0SJvf_9YBmw&edm=ALQROFkBAAAA&ccb=7-5&ig_cache_key=MzU1MDY3NjQzMTQ2MDA5NjY2Ng%3D%3D.3-ccb7-5&oh=00_AfEJPf4Vbsy2rUZpyHItRx9wmiv1tjqAzA6C33rKAk8LTw&oe=67FA7C71&_nc_sid=fc8dfb,"[0.011235669, -0.10465984, 0.01707203, -0.10009156, 0.023001896, -0.030212728, -0.056611724, -0.104407705, -0.041514028, 0.06013278, -0.15197544, -0.017531294, -0.09732872, -0.0068225614, -0.015671661, -0.12618467, -0.108471975, -0.015400181, -0.01560883, -0.07957333, -0.05863161, 0.022191705, -0.039953172, 0.02926277, -0.16207862, 0.032092497, 0.011613783, 0.16325021, 0.08142409, -0.08113874, -0.09393076, -0.06142533, -0.051970985, -0.038619116, 0.027543738, 0.022037448, -0.09238544, -0.118118376, 0.1434346, -0.05817316, 0.0067048552, 0.027107032, -0.116966166, -0.121734954, -0.14028259, -0.022453722, -0.077391654, -0.09167389, -0.013265207, 0.046436965, 0.105312385, -0.0547153, 0.050627097, -0.008577263, -0.07488845, 0.025183948, 0.1073936, 0.06669319, 0.12634471, -0.10875456, -0.07756819, -0.011433271, -0.00063060166, 0.14231953, -0.016758865, 0.010926182, -0.18602262, -0.12169416, 0.08977357, 0.19292764, -0.07761843, -0.10966255, 0.16131015, 0.08472999, 0.0059565045, -0.035953064, 0.064272866, -0.058209613, 0.09470947, 0.009946789, 0.048172057, -0.07569499, 0.06367172, 0.07488718, -0.06448971, -0.08692854, -0.17600982, 0.1991316, -0.119740516, -0.0328307, -0.07414354, -0.10599198, -0.0567621, -0.030498747, 0.04229806, -0.037738476, 0.0012000181, 0.022273237, -0.0331047, 0.031456675, 0.046681125, 0.06066014, 0.05024069, -0.05364874, 0.06283536, 0.01335364, 0.07739096, 0.1228786, 0.034587614, 0.056705777, 0.061957154, -0.0012153732, -0.08177797, 0.12213742, -0.20409958, 0.1428219, -0.037364814, -0.07154685, 0.003808546, 0.08836253, -0.104461424, 0.07207499, -0.03237836, 0.0836334, 0.037942376, -0.15694422, 0.30170906, 0.04662374]"
DHMmhyjBcxd,https://scontent-lax3-2.cdninstagram.com/v/t51.2885-15/484784499_18498567148012619_8434321847152975487_n.jpg?stp=dst-jpg_e35_p1080x1080_tt6&efg=eyJ2ZW5jb2RlX3RhZyI6IkZFRUQuaW1hZ2VfdXJsZ2VuLjE0NDB4MTc5OS5zZHIuZjc1NzYxLmRlZmF1bHRfaW1hZ2UifQ&_nc_ht=scontent-lax3-2.cdninstagram.com&_nc_cat=111&_nc_oc=Q6cZ2QHkIgbhZe8waT2EcATpUPYUCfL15brzyWnTEpXcsQDuqKRhZq9x0oIYtCaj_GfDToY&_nc_ohc=J3eF8SLP98cQ7kNvwF2AlFK&_nc_gid=wAQu_HRlWuZmNjWrwY5BLg&edm=ALQROFkBAAAA&ccb=7-5&ig_cache_key=MzU4ODQxMjQ1MDg5MjI3MDY4NQ%3D%3D.3-ccb7-5&oh=00_AfGQhylevTjfUSdTyMIX0uQD_2DF9LJl5vBAXIgzS9LxWA&oe=67FA59BE&_nc_sid=fc8dfb,"[0.029250761, -0.066607885, 8.300597e-05, 0.002310422, 0.030265056, -0.03749158, -0.017083619, -0.1705119, -0.07358357, -0.07838599, -0.16446197, -0.06905538, -0.080798015, -0.0724451, -0.0120210685, -0.17636777, -0.063362494, -0.021066803, -0.14057131, -0.11162639, -0.042579334, -0.020545868, -0.0071249064, 0.09550204, -0.21214756, 0.013936327, 0.0626976, 0.11954243, 0.11373015, -0.06918267, -0.07135833, 0.048896417, 0.052642137, -0.037040625, 0.024097588, 0.083993696, -0.043920506, -0.06741879, 0.12941052, -0.0652134, 0.028150285, -0.044832412, -0.15923315, -0.111114986, -0.041547045, 0.071092196, -0.035129152, -0.12750886, 0.07151199, 0.14369181, 0.093636, -0.068202764, 0.04150991, -0.0072844466, -0.0784107, 0.0629131, 0.13885945, 0.12909694, 0.049043003, -0.09754744, -0.049619384, 0.0029476513, 0.08575291, 0.11574319, -0.06545179, 0.024817435, -0.13951966, -0.05602763, 0.13731635, 0.1355964, -0.065022655, -0.074964225, 0.21305494, 0.13732672, 0.001422154, -0.10007371, 0.03619837, 0.0035957254, 0.10076956, -0.02537227, 0.10317765, -0.032321624, 0.13140616, 0.040454242, 0.00043859534, -0.093828335, -0.11069668, 0.16520308, -0.06468783, -0.025401441, -0.081420496, -0.08030122, -0.030654484, -0.05810771, 0.08648988, 0.016572373, 0.007544413, 0.0019561541, -0.018442392, -0.0070270873, 0.048508547, 0.078433335, -0.023399102, -0.0345431, -0.019238211, -0.02217343, 0.069772355, 0.07746403, 0.026723828, -0.013298783, -0.01577646, -0.024498682, -0.038931247, 0.14997354, -0.05473323, 0.1946994, 0.03493679, 0.008910576, -0.0082474025, 0.059683695, -0.13056155, 0.0468356, -0.053329837, 0.1329469, 0.057207827, -0.19411293, 0.25257054, 0.072804175]"
DGBYWJQRCNb,https://scontent-lax3-2.cdninstagram.com/v/t51.2885-15/480013338_18492791083012619_5644957981357699436_n.jpg?stp=dst-jpg_e35_tt6&efg=eyJ2ZW5jb2RlX3RhZyI6IkNBUk9VU0VMX0lURU0uaW1hZ2VfdXJsZ2VuLjEwNjd4MTMzMy5zZHIuZjc1NzYxLmRlZmF1bHRfaW1hZ2UifQ&_nc_ht=scontent-lax3-2.cdninstagram.com&_nc_cat=111&_nc_oc=Q6cZ2QHaEob2ej-v9MvlucEMXEowt4x2DTtbz8ZtRS1QJk3uat1JLlCtxOJIBve1omjCzZI&_nc_ohc=VuwXiQhxkgMQ7kNvwEgAk35&_nc_gid=QuksTqdgaz5AcfTtZ3egUg&edm=ALQROFkBAAAA&ccb=7-5&ig_cache_key=MzU2NzIzOTQ0NjcwNzYxMDUwNw%3D%3D.3-ccb7-5&oh=00_AfGFsUcEYP758dm7zQ_amYqMuGAZYVO42oSuRR5vwRLvPg&oe=67FA59FD&_nc_sid=fc8dfb,"[-0.08929347, -0.013886857, -0.025461351, -0.024417913, -0.00046658702, -0.06267143, -0.082219616, -0.09616759, -0.04088607, -0.0013032635, -0.11368494, -0.010860564, -0.119356, -0.039171737, -0.02710741, -0.09640941, -0.0626571, -0.012328305, 0.044275966, -0.13904667, -0.09651642, -0.047741923, -0.017104717, -0.015894564, -0.1166736, 0.040798526, 0.014430246, 0.12974244, 0.08237113, -0.0357704, -0.07190259, -0.05076207, -0.07653895, -0.0491556, 0.06204901, 0.03498294, -0.089318946, -0.15184225, 0.1063153, -0.052027643, 0.020493459, 0.0723576, -0.07243582, -0.1885169, -0.0540041, -0.11730073, -0.07241294, -0.09175913, 0.059065584, -0.035609175, 0.15764584, -0.05866794, -0.024517111, -0.053970844, -0.059168603, -0.023305804, 0.10670269, 0.12025046, 0.18015815, -0.12541668, -0.09962448, 0.078392856, 0.0053348113, 0.10687901, 0.01850145, 0.08291209, -0.17567217, -0.10406498, 0.13695969, 0.118174694, -0.06162347, -0.09869956, 0.21845415, 0.09663721, 0.1114225, -0.020877637, 0.04194433, -0.016643612, 0.0381481, 0.12411547, 0.06545356, -0.112808414, 0.058752373, 0.07469913, -0.06771152, -0.052609153, -0.15884237, 0.21845679, -0.1487714, -0.034680482, -0.045554474, -0.047083296, -0.060597908, -0.044038717, 0.002769262, -0.022026766, -0.08754566, 0.07560725, -0.052463908, 0.0181942, 0.08427107, -0.027513241, -0.05157061, -0.048222568, 0.09401436, 0.0077544497, 0.056477748, 0.07865387, 0.045410126, 0.06709549, 0.040097702, -0.090772055, -0.040649064, 0.093807034, -0.11759337, 0.15217575, -0.04844617, -0.00057144277, -0.064781025, 0.07682421, -0.052725457, 0.029431606, 0.015064248, 0.16682962, 0.01170626, -0.17628656, 0.23568414, -0.027357077]"
